[17mai.2026 19:29:58.566] [main/INFO] [cpw.mods.modlauncher.Launcher/MODLAUNCHER]: ModLauncher running: args [--launchTarget, forgeclientdev, --version, 21.1.228, --assetIndex, 17, --assetsDir, C:\\Users\\gabri\\.gradle\\caches\\neoformruntime\\assets, --gameDir, ., --fml.fmlVersion, 4.0.42, --fml.mcVersion, 1.21.1, --fml.neoForgeVersion, 21.1.228, --fml.neoFormVersion, 20240808.144430]
[17mai.2026 19:29:58.571] [main/INFO] [cpw.mods.modlauncher.Launcher/MODLAUNCHER]: JVM identified as Eclipse Adoptium OpenJDK 64-Bit Server VM 21.0.11+10-LTS
[17mai.2026 19:29:58.571] [main/INFO] [cpw.mods.modlauncher.Launcher/MODLAUNCHER]: ModLauncher 11.0.5+main.901c6ea8 starting: java version 21.0.11 by Eclipse Adoptium; OS Windows 11 arch amd64 version 10.0
[17mai.2026 19:29:58.602] [main/DEBUG] [cpw.mods.modlauncher.LaunchServiceHandler/MODLAUNCHER]: Found launch services [minecraft,forgeclient,forgedatauserdev,testharness,forgeserverdev,forgeserveruserdev,forgejunitdev,forgeclientdev,forgeclientuserdev,forgeserver,forgejunituserdev,forgedatadev]
[17mai.2026 19:29:58.640] [main/DEBUG] [cpw.mods.modlauncher.LaunchPluginHandler/MODLAUNCHER]: Found launch plugins: [mixin,slf4jfixer,runtime_enum_extender,accesstransformer,runtimedistcleaner]
[17mai.2026 19:29:58.656] [main/DEBUG] [cpw.mods.modlauncher.TransformationServicesHandler/MODLAUNCHER]: Discovering transformation services
[17mai.2026 19:29:58.662] [main/DEBUG] [net.neoforged.fml.loading.FMLPaths/CORE]: Path GAMEDIR is C:\Users\gabri\OneDrive\Documentos\Projetos\LegendaryNetherstarFurnaceMod\LegendaryNetherstarFurnaceMod\run
[17mai.2026 19:29:58.662] [main/DEBUG] [net.neoforged.fml.loading.FMLPaths/CORE]: Path MODSDIR is C:\Users\gabri\OneDrive\Documentos\Projetos\LegendaryNetherstarFurnaceMod\LegendaryNetherstarFurnaceMod\run\mods
[17mai.2026 19:29:58.662] [main/DEBUG] [net.neoforged.fml.loading.FMLPaths/CORE]: Path CONFIGDIR is C:\Users\gabri\OneDrive\Documentos\Projetos\LegendaryNetherstarFurnaceMod\LegendaryNetherstarFurnaceMod\run\config
[17mai.2026 19:29:58.662] [main/DEBUG] [net.neoforged.fml.loading.FMLPaths/CORE]: Path FMLCONFIG is C:\Users\gabri\OneDrive\Documentos\Projetos\LegendaryNetherstarFurnaceMod\LegendaryNetherstarFurnaceMod\run\config\fml.toml
[17mai.2026 19:29:58.755] [main/DEBUG] [net.neoforged.fml.loading.targets.CommonLaunchHandler/CORE]: Got mod coordinates examplemod%%C:\Users\gabri\OneDrive\Documentos\Projetos\LegendaryNetherstarFurnaceMod\LegendaryNetherstarFurnaceMod\build\classes\java\main;examplemod%%C:\Users\gabri\OneDrive\Documentos\Projetos\LegendaryNetherstarFurnaceMod\LegendaryNetherstarFurnaceMod\build\resources\main from env
[17mai.2026 19:29:58.755] [main/DEBUG] [net.neoforged.fml.loading.targets.CommonLaunchHandler/CORE]: Found supplied mod coordinates [{examplemod=[C:\Users\gabri\OneDrive\Documentos\Projetos\LegendaryNetherstarFurnaceMod\LegendaryNetherstarFurnaceMod\build\classes\java\main, C:\Users\gabri\OneDrive\Documentos\Projetos\LegendaryNetherstarFurnaceMod\LegendaryNetherstarFurnaceMod\build\resources\main]}]
[17mai.2026 19:29:58.761] [main/DEBUG] [cpw.mods.modlauncher.TransformationServicesHandler/MODLAUNCHER]: Found additional transformation services from discovery services: 
[17mai.2026 19:29:58.761] [main/INFO] [net.neoforged.fml.loading.ImmediateWindowHandler/]: Loading ImmediateWindowProvider fmlearlywindow
[17mai.2026 19:29:58.946] [main/INFO] [EARLYDISPLAY/]: Trying GL version 4.6
[17mai.2026 19:29:59.141] [main/INFO] [EARLYDISPLAY/]: Requested GL version 4.6 got version 4.6
[17mai.2026 19:29:59.213] [main/DEBUG] [cpw.mods.modlauncher.TransformationServicesHandler/MODLAUNCHER]: Found transformer services : [mixin,fml]
[17mai.2026 19:29:59.213] [main/DEBUG] [cpw.mods.modlauncher.TransformationServicesHandler/MODLAUNCHER]: Transformation services loading
[17mai.2026 19:29:59.213] [main/DEBUG] [cpw.mods.modlauncher.TransformationServiceDecorator/MODLAUNCHER]: Loading service mixin
[17mai.2026 19:29:59.213] [main/DEBUG] [cpw.mods.modlauncher.TransformationServiceDecorator/MODLAUNCHER]: Loaded service mixin
[17mai.2026 19:29:59.213] [main/DEBUG] [cpw.mods.modlauncher.TransformationServiceDecorator/MODLAUNCHER]: Loading service fml
[17mai.2026 19:29:59.221] [main/DEBUG] [net.neoforged.fml.loading.FMLLoader/CORE]: FML 4.0.42 loading
[17mai.2026 19:29:59.221] [main/DEBUG] [net.neoforged.fml.loading.FMLLoader/CORE]: FML found ModLauncher version : 11.0.5+main.901c6ea8
[17mai.2026 19:29:59.221] [main/DEBUG] [net.neoforged.fml.loading.FMLLoader/CORE]: FML found AccessTransformer version : 10.0.1+139da711
[17mai.2026 19:29:59.224] [main/DEBUG] [net.neoforged.fml.loading.FMLLoader/CORE]: FML found EventBus version : null
[17mai.2026 19:29:59.224] [main/DEBUG] [net.neoforged.fml.loading.FMLLoader/CORE]: Found Runtime Dist Cleaner
[17mai.2026 19:29:59.224] [main/DEBUG] [cpw.mods.modlauncher.TransformationServiceDecorator/MODLAUNCHER]: Loaded service fml
[17mai.2026 19:29:59.226] [main/DEBUG] [cpw.mods.modlauncher.TransformationServicesHandler/MODLAUNCHER]: Configuring option handling for services
[17mai.2026 19:29:59.330] [main/DEBUG] [net.neoforged.fml.loading.FMLServiceProvider/CORE]: Received command line version data  : VersionInfo[neoForgeVersion=21.1.228, fmlVersion=4.0.42, mcVersion=1.21.1, neoFormVersion=20240808.144430]
[17mai.2026 19:29:59.330] [main/DEBUG] [cpw.mods.modlauncher.TransformationServicesHandler/MODLAUNCHER]: Transformation services initializing
[17mai.2026 19:29:59.330] [main/DEBUG] [cpw.mods.modlauncher.TransformationServiceDecorator/MODLAUNCHER]: Initializing transformation service mixin
[17mai.2026 19:29:59.362] [main/DEBUG] [mixin/]: MixinService [ModLauncher] was successfully booted in cpw.mods.cl.ModuleClassLoader@77c2494c
[17mai.2026 19:29:59.394] [main/INFO] [mixin/]: SpongePowered MIXIN Subsystem Version=0.8.7 Source=union:/C:/Users/gabri/.gradle/caches/modules-2/files-2.1/net.fabricmc/sponge-mixin/0.15.2+mixin.0.8.7/2af2f021d8e02a0220dc27a7a72b4666d66d44ca/sponge-mixin-0.15.2+mixin.0.8.7.jar%23138!/ Service=ModLauncher Env=CLIENT
[17mai.2026 19:29:59.394] [pool-2-thread-1/INFO] [EARLYDISPLAY/]: GL info: Intel(R) UHD Graphics GL version 4.6.0 - Build 32.0.101.7026, Intel
[17mai.2026 19:29:59.394] [main/DEBUG] [mixin/]: Initialising Mixin Platform Manager
[17mai.2026 19:29:59.394] [main/DEBUG] [mixin/]: Adding mixin platform agents for container ModLauncher Root Container(ModLauncher:4f56a0a2)
[17mai.2026 19:29:59.394] [main/DEBUG] [mixin/]: Instancing new MixinPlatformAgentMinecraftForge for ModLauncher Root Container(ModLauncher:4f56a0a2)
[17mai.2026 19:29:59.411] [main/DEBUG] [mixin/]: MixinPlatformAgentMinecraftForge rejected container ModLauncher Root Container(ModLauncher:4f56a0a2)
[17mai.2026 19:29:59.412] [main/DEBUG] [mixin/]: Instancing new MixinPlatformAgentDefault for ModLauncher Root Container(ModLauncher:4f56a0a2)
[17mai.2026 19:29:59.412] [main/DEBUG] [mixin/]: MixinPlatformAgentDefault accepted container ModLauncher Root Container(ModLauncher:4f56a0a2)
[17mai.2026 19:29:59.412] [main/DEBUG] [cpw.mods.modlauncher.TransformationServiceDecorator/MODLAUNCHER]: Initialized transformation service mixin
[17mai.2026 19:29:59.412] [main/DEBUG] [cpw.mods.modlauncher.TransformationServiceDecorator/MODLAUNCHER]: Initializing transformation service fml
[17mai.2026 19:29:59.412] [main/DEBUG] [net.neoforged.fml.loading.FMLServiceProvider/CORE]: Setting up basic FML game directories
[17mai.2026 19:29:59.412] [main/DEBUG] [net.neoforged.fml.loading.FMLPaths/CORE]: Path GAMEDIR is C:\Users\gabri\OneDrive\Documentos\Projetos\LegendaryNetherstarFurnaceMod\LegendaryNetherstarFurnaceMod\run
[17mai.2026 19:29:59.412] [main/DEBUG] [net.neoforged.fml.loading.FMLPaths/CORE]: Path MODSDIR is C:\Users\gabri\OneDrive\Documentos\Projetos\LegendaryNetherstarFurnaceMod\LegendaryNetherstarFurnaceMod\run\mods
[17mai.2026 19:29:59.412] [main/DEBUG] [net.neoforged.fml.loading.FMLPaths/CORE]: Path CONFIGDIR is C:\Users\gabri\OneDrive\Documentos\Projetos\LegendaryNetherstarFurnaceMod\LegendaryNetherstarFurnaceMod\run\config
[17mai.2026 19:29:59.412] [main/DEBUG] [net.neoforged.fml.loading.FMLPaths/CORE]: Path FMLCONFIG is C:\Users\gabri\OneDrive\Documentos\Projetos\LegendaryNetherstarFurnaceMod\LegendaryNetherstarFurnaceMod\run\config\fml.toml
[17mai.2026 19:29:59.412] [main/DEBUG] [net.neoforged.fml.loading.FMLServiceProvider/CORE]: Loading configuration
[17mai.2026 19:29:59.412] [main/DEBUG] [net.neoforged.fml.loading.FMLServiceProvider/CORE]: Preparing launch handler
[17mai.2026 19:29:59.426] [main/DEBUG] [net.neoforged.fml.loading.FMLLoader/CORE]: Using forgeclientdev as launch service
[17mai.2026 19:29:59.426] [main/DEBUG] [cpw.mods.modlauncher.TransformationServiceDecorator/MODLAUNCHER]: Initialized transformation service fml
[17mai.2026 19:29:59.426] [main/DEBUG] [cpw.mods.modlauncher.TransformationServicesHandler/MODLAUNCHER]: Transformation services begin scanning
[17mai.2026 19:29:59.426] [main/DEBUG] [cpw.mods.modlauncher.TransformationServiceDecorator/MODLAUNCHER]: Beginning scan trigger - transformation service mixin
[17mai.2026 19:29:59.426] [main/DEBUG] [cpw.mods.modlauncher.TransformationServiceDecorator/MODLAUNCHER]: End scan trigger - transformation service mixin
[17mai.2026 19:29:59.426] [main/DEBUG] [cpw.mods.modlauncher.TransformationServiceDecorator/MODLAUNCHER]: Beginning scan trigger - transformation service fml
[17mai.2026 19:29:59.426] [main/DEBUG] [net.neoforged.fml.loading.FMLServiceProvider/CORE]: Initiating mod scan
[17mai.2026 19:29:59.437] [main/DEBUG] [net.neoforged.fml.loading.targets.CommonLaunchHandler/CORE]: Got mod coordinates examplemod%%C:\Users\gabri\OneDrive\Documentos\Projetos\LegendaryNetherstarFurnaceMod\LegendaryNetherstarFurnaceMod\build\classes\java\main;examplemod%%C:\Users\gabri\OneDrive\Documentos\Projetos\LegendaryNetherstarFurnaceMod\LegendaryNetherstarFurnaceMod\build\resources\main from env
[17mai.2026 19:29:59.437] [main/DEBUG] [net.neoforged.fml.loading.targets.CommonLaunchHandler/CORE]: Found supplied mod coordinates [{examplemod=[C:\Users\gabri\OneDrive\Documentos\Projetos\LegendaryNetherstarFurnaceMod\LegendaryNetherstarFurnaceMod\build\classes\java\main, C:\Users\gabri\OneDrive\Documentos\Projetos\LegendaryNetherstarFurnaceMod\LegendaryNetherstarFurnaceMod\build\resources\main]}]
[17mai.2026 19:29:59.437] [main/DEBUG] [net.neoforged.fml.loading.targets.CommonDevLaunchHandler/]: Launching with NeoForge from C:\Users\gabri\OneDrive\Documentos\Projetos\LegendaryNetherstarFurnaceMod\LegendaryNetherstarFurnaceMod\build\moddev\artifacts\neoforge-21.1.228.jar
[17mai.2026 19:29:59.470] [main/DEBUG] [net.neoforged.fml.util.ServiceLoaderUtil/CORE]: Found 4 implementations of IModFileCandidateLocator:
[17mai.2026 19:29:59.472] [main/DEBUG] [net.neoforged.fml.util.ServiceLoaderUtil/CORE]: 	       0 - [built-in] net.neoforged.fml.loading.moddiscovery.locators.NeoForgeDevProvider from loader-4.0.42.jar
[17mai.2026 19:29:59.472] [main/DEBUG] [net.neoforged.fml.util.ServiceLoaderUtil/CORE]: 	       0 - net.neoforged.fml.loading.moddiscovery.locators.ModsFolderLocator from loader-4.0.42.jar
[17mai.2026 19:29:59.473] [main/DEBUG] [net.neoforged.fml.util.ServiceLoaderUtil/CORE]: 	       0 - net.neoforged.fml.loading.moddiscovery.locators.MavenDirectoryLocator from loader-4.0.42.jar
[17mai.2026 19:29:59.473] [main/DEBUG] [net.neoforged.fml.util.ServiceLoaderUtil/CORE]: 	   -1000 - [built-in] net.neoforged.fml.loading.moddiscovery.locators.UserdevLocator from loader-4.0.42.jar
[17mai.2026 19:29:59.475] [main/DEBUG] [net.neoforged.fml.util.ServiceLoaderUtil/CORE]: Found 2 implementations of IModFileReader:
[17mai.2026 19:29:59.475] [main/DEBUG] [net.neoforged.fml.util.ServiceLoaderUtil/CORE]: 	       0 - net.neoforged.fml.loading.moddiscovery.readers.JarModsDotTomlModFileReader from loader-4.0.42.jar
[17mai.2026 19:29:59.475] [main/DEBUG] [net.neoforged.fml.util.ServiceLoaderUtil/CORE]: 	   -1000 - net.neoforged.fml.loading.moddiscovery.readers.NestedLibraryModReader from loader-4.0.42.jar
[17mai.2026 19:29:59.475] [main/DEBUG] [net.neoforged.fml.util.ServiceLoaderUtil/CORE]: Found 1 implementations of IDependencyLocator:
[17mai.2026 19:29:59.475] [main/DEBUG] [net.neoforged.fml.util.ServiceLoaderUtil/CORE]: 	       0 - net.neoforged.fml.loading.moddiscovery.locators.JarInJarDependencyLocator from loader-4.0.42.jar
[17mai.2026 19:29:59.585] [main/DEBUG] [net.neoforged.fml.loading.moddiscovery.ModFileInfo/LOADING]: Found valid mod file neoforge-21.1.228.jar with {minecraft} mods - versions {1.21.1}
[17mai.2026 19:29:59.600] [main/DEBUG] [net.neoforged.fml.loading.moddiscovery.ModFileParser/LOADING]: Considering mod file candidate C:\Users\gabri\OneDrive\Documentos\Projetos\LegendaryNetherstarFurnaceMod\LegendaryNetherstarFurnaceMod\build\moddev\artifacts\neoforge-21.1.228.jar
[17mai.2026 19:29:59.631] [main/DEBUG] [net.neoforged.fml.loading.moddiscovery.ModFileInfo/LOADING]: Found valid mod file neoforge-21.1.228.jar with {neoforge} mods - versions {21.1.228}
[17mai.2026 19:29:59.647] [main/DEBUG] [net.neoforged.fml.loading.moddiscovery.ModFileParser/LOADING]: Considering mod file candidate C:\Users\gabri\OneDrive\Documentos\Projetos\LegendaryNetherstarFurnaceMod\LegendaryNetherstarFurnaceMod\run\mods\AdvancedAE-1.6.11-1.21.1.jar
[17mai.2026 19:29:59.663] [main/DEBUG] [net.neoforged.fml.loading.moddiscovery.ModFileInfo/LOADING]: Found valid mod file AdvancedAE-1.6.11-1.21.1.jar with {advanced_ae} mods - versions {1.6.11-1.21.1}
[17mai.2026 19:29:59.664] [main/DEBUG] [net.neoforged.fml.loading.moddiscovery.ModFileParser/LOADING]: Considering mod file candidate C:\Users\gabri\OneDrive\Documentos\Projetos\LegendaryNetherstarFurnaceMod\LegendaryNetherstarFurnaceMod\run\mods\appliedenergistics2-19.2.17.jar
[17mai.2026 19:29:59.664] [main/DEBUG] [net.neoforged.fml.loading.moddiscovery.ModFileInfo/LOADING]: Found valid mod file appliedenergistics2-19.2.17.jar with {ae2} mods - versions {19.2.17}
[17mai.2026 19:29:59.679] [main/DEBUG] [net.neoforged.fml.loading.moddiscovery.ModFileParser/LOADING]: Considering mod file candidate C:\Users\gabri\OneDrive\Documentos\Projetos\LegendaryNetherstarFurnaceMod\LegendaryNetherstarFurnaceMod\run\mods\geckolib-neoforge-1.21.1-4.8.4.jar
[17mai.2026 19:29:59.679] [main/DEBUG] [net.neoforged.fml.loading.moddiscovery.ModFileInfo/LOADING]: Found valid mod file geckolib-neoforge-1.21.1-4.8.4.jar with {geckolib} mods - versions {4.8.4}
[17mai.2026 19:29:59.679] [main/DEBUG] [net.neoforged.fml.loading.moddiscovery.ModFileParser/LOADING]: Considering mod file candidate C:\Users\gabri\OneDrive\Documentos\Projetos\LegendaryNetherstarFurnaceMod\LegendaryNetherstarFurnaceMod\run\mods\guideme-21.1.15.jar
[17mai.2026 19:29:59.679] [main/DEBUG] [net.neoforged.fml.loading.moddiscovery.ModFileInfo/LOADING]: Found valid mod file guideme-21.1.15.jar with {guideme} mods - versions {21.1.15}
[17mai.2026 19:29:59.699] [main/DEBUG] [net.neoforged.fml.loading.moddiscovery.ModFileParser/LOADING]: Considering mod file candidate C:\Users\gabri\OneDrive\Documentos\Projetos\LegendaryNetherstarFurnaceMod\LegendaryNetherstarFurnaceMod\run\mods\Mekanism-1.21.1-10.7.19.85.jar
[17mai.2026 19:29:59.701] [main/DEBUG] [net.neoforged.fml.loading.moddiscovery.ModFileInfo/LOADING]: Found valid mod file Mekanism-1.21.1-10.7.19.85.jar with {mekanism} mods - versions {10.7.19}
[17mai.2026 19:29:59.703] [main/DEBUG] [net.neoforged.fml.loading.moddiscovery.ModListHandler/CORE]: Found mod coordinates from lists: []
[17mai.2026 19:29:59.703] [main/DEBUG] [net.neoforged.fml.loading.moddiscovery.ModFileParser/LOADING]: Considering mod file candidate C:\Users\gabri\OneDrive\Documentos\Projetos\LegendaryNetherstarFurnaceMod\LegendaryNetherstarFurnaceMod\build\classes\java\main
[17mai.2026 19:29:59.712] [main/DEBUG] [net.neoforged.fml.loading.moddiscovery.ModFileInfo/LOADING]: Found valid mod file main with {legendarynetherstarfurnace} mods - versions {1.0.0}
[17mai.2026 19:29:59.726] [main/DEBUG] [net.neoforged.fml.loading.moddiscovery.ModFileParser/LOADING]: Considering mod file candidate C:\Users\gabri\OneDrive\Documentos\Projetos\LegendaryNetherstarFurnaceMod\LegendaryNetherstarFurnaceMod\build\moddev\artifacts\neoforge-21.1.228.jar
[17mai.2026 19:29:59.726] [main/DEBUG] [net.neoforged.fml.loading.moddiscovery.ModFileInfo/LOADING]: Found valid mod file neoforge-21.1.228.jar with {neoforge} mods - versions {21.1.228}
[17mai.2026 19:29:59.774] [main/DEBUG] [net.neoforged.fml.loading.moddiscovery.ModDiscoverer/]: Skipping C:\Users\gabri\.gradle\caches\modules-2\files-2.1\net.neoforged.fancymodloader\earlydisplay\4.0.42\46555dbfff14e9e052f1f693aed14d542a74e111\earlydisplay-4.0.42.jar because it was already located earlier
[17mai.2026 19:29:59.774] [main/DEBUG] [net.neoforged.fml.loading.moddiscovery.ModDiscoverer/]: Skipping C:\Users\gabri\.gradle\caches\modules-2\files-2.1\net.neoforged.fancymodloader\loader\4.0.42\76e15f98bf676fb44b36c5e776f52a55581ec43a\loader-4.0.42.jar because it was already located earlier
[17mai.2026 19:29:59.774] [main/DEBUG] [net.neoforged.fml.loading.moddiscovery.ModDiscoverer/]: Skipping C:\Users\gabri\.gradle\caches\modules-2\files-2.1\net.neoforged.accesstransformers\at-modlauncher\10.0.1\5aba50202aceead086bc09fbc2751c9f05cb4890\at-modlauncher-10.0.1.jar because it was already located earlier
[17mai.2026 19:29:59.774] [main/DEBUG] [net.neoforged.fml.loading.moddiscovery.ModDiscoverer/]: Skipping C:\Users\gabri\.gradle\caches\modules-2\files-2.1\net.neoforged\accesstransformers\10.0.1\fd83b5725f76eae9115e9355fa1c456a6a441400\accesstransformers-10.0.1.jar because it was already located earlier
[17mai.2026 19:29:59.774] [main/DEBUG] [net.neoforged.fml.loading.moddiscovery.ModDiscoverer/]: Skipping C:\Users\gabri\.gradle\caches\modules-2\files-2.1\net.neoforged\bus\8.0.5\5b2d33285ab5d1554e9798ad98c40d6ea3868bd5\bus-8.0.5.jar because it was already located earlier
[17mai.2026 19:29:59.774] [main/DEBUG] [net.neoforged.fml.loading.moddiscovery.ModDiscoverer/]: Skipping C:\Users\gabri\.gradle\caches\modules-2\files-2.1\net.neoforged\coremods\7.0.3\9147e6f638b4272b3bd5fc8f92ad37802512c6c\coremods-7.0.3.jar because it was already located earlier
[17mai.2026 19:29:59.774] [main/DEBUG] [net.neoforged.fml.loading.moddiscovery.ModDiscoverer/]: Skipping C:\Users\gabri\.gradle\caches\modules-2\files-2.1\cpw.mods\modlauncher\11.0.5\b8f0d49294f733fdb6173931b263553e943dc950\modlauncher-11.0.5.jar because it was already located earlier
[17mai.2026 19:29:59.774] [main/DEBUG] [net.neoforged.fml.loading.moddiscovery.ModDiscoverer/]: Skipping C:\Users\gabri\.gradle\caches\modules-2\files-2.1\net.neoforged\mergetool\2.0.0\52fe1949be64e3303aabaaa21e315f551db9c9f4\mergetool-2.0.0-api.jar because it was already located earlier
[17mai.2026 19:29:59.774] [main/DEBUG] [net.neoforged.fml.loading.moddiscovery.ModDiscoverer/]: Skipping C:\Users\gabri\.gradle\caches\modules-2\files-2.1\com.electronwill.night-config\toml\3.8.3\90b2fd6efcb4a7d5b9810cf78f9d824994d717f2\toml-3.8.3.jar because it was already located earlier
[17mai.2026 19:29:59.774] [main/DEBUG] [net.neoforged.fml.loading.moddiscovery.ModDiscoverer/]: Skipping C:\Users\gabri\.gradle\caches\modules-2\files-2.1\com.electronwill.night-config\core\3.8.3\b442a95f09e349927f5a945ecb594455870fcf4f\core-3.8.3.jar because it was already located earlier
[17mai.2026 19:29:59.774] [main/DEBUG] [net.neoforged.fml.loading.moddiscovery.ModDiscoverer/]: Skipping C:\Users\gabri\.gradle\caches\modules-2\files-2.1\net.neoforged\JarJarSelector\0.4.1\fb3cc7a58af22ad2880adb98af6d518128c47dae\JarJarSelector-0.4.1.jar because it was already located earlier
[17mai.2026 19:29:59.774] [main/DEBUG] [net.neoforged.fml.loading.moddiscovery.ModDiscoverer/]: Skipping C:\Users\gabri\.gradle\caches\modules-2\files-2.1\net.neoforged\JarJarMetadata\0.4.1\f8da03683dc81694556dc3e177c5e3bb77ae6fcb\JarJarMetadata-0.4.1.jar because it was already located earlier
[17mai.2026 19:29:59.774] [main/DEBUG] [net.neoforged.fml.loading.moddiscovery.ModDiscoverer/]: Skipping C:\Users\gabri\.gradle\caches\modules-2\files-2.1\org.apache.maven\maven-artifact\3.8.5\4433f50c07debefaed0553bd0068f4f48d449313\maven-artifact-3.8.5.jar because it was already located earlier
[17mai.2026 19:29:59.790] [main/DEBUG] [net.neoforged.fml.loading.moddiscovery.ModDiscoverer/]: Skipping C:\Users\gabri\.gradle\caches\modules-2\files-2.1\net.jodah\typetools\0.6.3\a01aaa6ddaea9ec07ec4f209487b7a46a526283a\typetools-0.6.3.jar because it was already located earlier
[17mai.2026 19:29:59.790] [main/DEBUG] [net.neoforged.fml.loading.moddiscovery.ModDiscoverer/]: Skipping C:\Users\gabri\.gradle\caches\modules-2\files-2.1\net.minecrell\terminalconsoleappender\1.3.0\b562e9bb61235c9520e26282cdee71f8f802d1fc\terminalconsoleappender-1.3.0.jar because it was already located earlier
[17mai.2026 19:29:59.790] [main/DEBUG] [net.neoforged.fml.loading.moddiscovery.ModDiscoverer/]: Skipping C:\Users\gabri\.gradle\caches\modules-2\files-2.1\net.fabricmc\sponge-mixin\0.15.2+mixin.0.8.7\2af2f021d8e02a0220dc27a7a72b4666d66d44ca\sponge-mixin-0.15.2+mixin.0.8.7.jar because it was already located earlier
[17mai.2026 19:29:59.790] [main/DEBUG] [net.neoforged.fml.loading.moddiscovery.ModDiscoverer/]: Skipping C:\Users\gabri\.gradle\caches\modules-2\files-2.1\org.openjdk.nashorn\nashorn-core\15.4\f67f5ffaa5f5130cf6fb9b133da00c7df3b532a5\nashorn-core-15.4.jar because it was already located earlier
[17mai.2026 19:29:59.790] [main/DEBUG] [net.neoforged.fml.loading.moddiscovery.ModDiscoverer/]: Skipping C:\Users\gabri\.gradle\caches\modules-2\files-2.1\org.apache.commons\commons-lang3\3.14.0\1ed471194b02f2c6cb734a0cd6f6f107c673afae\commons-lang3-3.14.0.jar because it was already located earlier
[17mai.2026 19:29:59.791] [main/DEBUG] [net.neoforged.fml.loading.moddiscovery.ModDiscoverer/]: Skipping C:\Users\gabri\.gradle\caches\modules-2\files-2.1\net.sf.jopt-simple\jopt-simple\5.0.4\4fdac2fbe92dfad86aa6e9301736f6b4342a3f5c\jopt-simple-5.0.4.jar because it was already located earlier
[17mai.2026 19:29:59.791] [main/DEBUG] [net.neoforged.fml.loading.moddiscovery.ModDiscoverer/]: Skipping C:\Users\gabri\.gradle\caches\modules-2\files-2.1\commons-io\commons-io\2.15.1\f11560da189ab563a5c8e351941415430e9304ea\commons-io-2.15.1.jar because it was already located earlier
[17mai.2026 19:29:59.791] [main/DEBUG] [net.neoforged.fml.loading.moddiscovery.ModDiscoverer/]: Skipping C:\Users\gabri\.gradle\caches\modules-2\files-2.1\com.mojang\logging\1.2.7\24cb95ffb0e3433fd6e844c04e68009e504ca1c0\logging-1.2.7.jar because it was already located earlier
[17mai.2026 19:29:59.791] [main/DEBUG] [net.neoforged.fml.loading.moddiscovery.ModDiscoverer/]: Skipping C:\Users\gabri\.gradle\caches\modules-2\files-2.1\org.apache.logging.log4j\log4j-slf4j2-impl\2.22.1\d7e6693c2606cb7e7335047d7bb96dec52db5665\log4j-slf4j2-impl-2.22.1.jar because it was already located earlier
[17mai.2026 19:29:59.791] [main/DEBUG] [net.neoforged.fml.loading.moddiscovery.ModDiscoverer/]: Skipping C:\Users\gabri\.gradle\caches\modules-2\files-2.1\org.apache.logging.log4j\log4j-core\2.22.1\7183a25510a02ad00cc6a95d3b3d2a7d3c5a8dc4\log4j-core-2.22.1.jar because it was already located earlier
[17mai.2026 19:29:59.791] [main/DEBUG] [net.neoforged.fml.loading.moddiscovery.ModDiscoverer/]: Skipping C:\Users\gabri\.gradle\caches\modules-2\files-2.1\org.apache.logging.log4j\log4j-api\2.22.1\bea6fede6328fabafd7e68363161a7ea6605abd1\log4j-api-2.22.1.jar because it was already located earlier
[17mai.2026 19:29:59.791] [main/DEBUG] [net.neoforged.fml.loading.moddiscovery.ModDiscoverer/]: Skipping C:\Users\gabri\.gradle\caches\modules-2\files-2.1\com.google.guava\guava\32.1.2-jre\5e64ec7e056456bef3a4bc4c6fdaef71e8ab6318\guava-32.1.2-jre.jar because it was already located earlier
[17mai.2026 19:29:59.791] [main/DEBUG] [net.neoforged.fml.loading.moddiscovery.ModDiscoverer/]: Skipping C:\Users\gabri\.gradle\caches\modules-2\files-2.1\com.google.code.gson\gson\2.10.1\b3add478d4382b78ea20b1671390a858002feb6c\gson-2.10.1.jar because it was already located earlier
[17mai.2026 19:29:59.791] [main/DEBUG] [net.neoforged.fml.loading.moddiscovery.ModDiscoverer/]: Skipping C:\Users\gabri\.gradle\caches\modules-2\files-2.1\org.slf4j\slf4j-api\2.0.9\7cf2726fdcfbc8610f9a71fb3ed639871f315340\slf4j-api-2.0.9.jar because it was already located earlier
[17mai.2026 19:29:59.791] [main/DEBUG] [net.neoforged.fml.loading.moddiscovery.ModDiscoverer/]: Skipping C:\Users\gabri\.gradle\caches\modules-2\files-2.1\org.antlr\antlr4-runtime\4.13.1\17125bae1d965624e265ef49552f6465a2bfa307\antlr4-runtime-4.13.1.jar because it was already located earlier
[17mai.2026 19:29:59.791] [main/DEBUG] [net.neoforged.fml.loading.moddiscovery.ModDiscoverer/]: Skipping C:\Users\gabri\.gradle\caches\modules-2\files-2.1\net.minecraftforge\srgutils\0.4.15\ca408b131759478f164e010fae0d73997e125fb5\srgutils-0.4.15.jar because it was already located earlier
[17mai.2026 19:29:59.791] [main/DEBUG] [net.neoforged.fml.loading.moddiscovery.ModDiscoverer/]: Skipping C:\Users\gabri\.gradle\caches\modules-2\files-2.1\org.codehaus.plexus\plexus-utils\3.3.0\cf43b5391de623b36fe066a21127baef82c64022\plexus-utils-3.3.0.jar because it was already located earlier
[17mai.2026 19:29:59.791] [main/DEBUG] [net.neoforged.fml.loading.moddiscovery.ModDiscoverer/]: Skipping C:\Users\gabri\.gradle\caches\modules-2\files-2.1\org.jline\jline-reader\3.20.0\8f15415b022a25b473e8e16c28ae913186ffb9c4\jline-reader-3.20.0.jar because it was already located earlier
[17mai.2026 19:29:59.791] [main/DEBUG] [net.neoforged.fml.loading.moddiscovery.ModDiscoverer/]: Skipping C:\Users\gabri\.gradle\caches\modules-2\files-2.1\com.machinezoo.noexception\noexception\1.7.1\b65330c98e38a1f915fa54a6e5eca496505e3f0a\noexception-1.7.1.jar because it was already located earlier
[17mai.2026 19:29:59.791] [main/DEBUG] [net.neoforged.fml.loading.moddiscovery.ModDiscoverer/]: Skipping C:\Users\gabri\.gradle\caches\modules-2\files-2.1\com.github.oshi\oshi-core\6.4.10\b1d8ab82d11d92fd639b56d639f8f46f739dd5fa\oshi-core-6.4.10.jar because it was already located earlier
[17mai.2026 19:29:59.791] [main/DEBUG] [net.neoforged.fml.loading.moddiscovery.ModDiscoverer/]: Skipping C:\Users\gabri\.gradle\caches\modules-2\files-2.1\com.google.guava\failureaccess\1.0.1\1dcf1de382a0bf95a3d8b0849546c88bac1292c9\failureaccess-1.0.1.jar because it was already located earlier
[17mai.2026 19:29:59.793] [main/DEBUG] [net.neoforged.fml.loading.moddiscovery.ModDiscoverer/]: Skipping C:\Users\gabri\.gradle\caches\modules-2\files-2.1\com.ibm.icu\icu4j\73.2\61ad4ef7f9131fcf6d25c34b817f90d6da06c9e9\icu4j-73.2.jar because it was already located earlier
[17mai.2026 19:29:59.793] [main/DEBUG] [net.neoforged.fml.loading.moddiscovery.ModDiscoverer/]: Skipping C:\Users\gabri\.gradle\caches\modules-2\files-2.1\com.mojang\authlib\6.0.54\de8bc95660e1b2fe8793fd427a7a10dcec5b3ea7\authlib-6.0.54.jar because it was already located earlier
[17mai.2026 19:29:59.793] [main/DEBUG] [net.neoforged.fml.loading.moddiscovery.ModDiscoverer/]: Skipping C:\Users\gabri\.gradle\caches\modules-2\files-2.1\com.mojang\blocklist\1.0.10\5c685c5ffa94c4cd39496c7184c1d122e515ecef\blocklist-1.0.10.jar because it was already located earlier
[17mai.2026 19:29:59.793] [main/DEBUG] [net.neoforged.fml.loading.moddiscovery.ModDiscoverer/]: Skipping C:\Users\gabri\.gradle\caches\modules-2\files-2.1\com.mojang\brigadier\1.3.10\d15b53a14cf20fdcaa98f731af5dda654452c010\brigadier-1.3.10.jar because it was already located earlier
[17mai.2026 19:29:59.793] [main/DEBUG] [net.neoforged.fml.loading.moddiscovery.ModDiscoverer/]: Skipping C:\Users\gabri\.gradle\caches\modules-2\files-2.1\com.mojang\datafixerupper\8.0.16\67d4de6d7f95d89bcf5862995fb854ebaec02a34\datafixerupper-8.0.16.jar because it was already located earlier
[17mai.2026 19:29:59.793] [main/DEBUG] [net.neoforged.fml.loading.moddiscovery.ModDiscoverer/]: Skipping C:\Users\gabri\.gradle\caches\modules-2\files-2.1\com.mojang\patchy\2.2.10\da05971b07cbb379d002cf7eaec6a2048211fefc\patchy-2.2.10.jar because it was already located earlier
[17mai.2026 19:29:59.793] [main/DEBUG] [net.neoforged.fml.loading.moddiscovery.ModDiscoverer/]: Skipping C:\Users\gabri\.gradle\caches\modules-2\files-2.1\com.mojang\text2speech\1.17.9\3cad216e3a7f0c19b4b394388bc9ffc446f13b14\text2speech-1.17.9.jar because it was already located earlier
[17mai.2026 19:29:59.793] [main/DEBUG] [net.neoforged.fml.loading.moddiscovery.ModDiscoverer/]: Skipping C:\Users\gabri\.gradle\caches\modules-2\files-2.1\commons-codec\commons-codec\1.16.0\4e3eb3d79888d76b54e28b350915b5dc3919c9de\commons-codec-1.16.0.jar because it was already located earlier
[17mai.2026 19:29:59.793] [main/DEBUG] [net.neoforged.fml.loading.moddiscovery.ModDiscoverer/]: Skipping C:\Users\gabri\.gradle\caches\modules-2\files-2.1\commons-logging\commons-logging\1.2\4bfc12adfe4842bf07b657f0369c4cb522955686\commons-logging-1.2.jar because it was already located earlier
[17mai.2026 19:29:59.793] [main/DEBUG] [net.neoforged.fml.loading.moddiscovery.ModDiscoverer/]: Skipping C:\Users\gabri\.gradle\caches\modules-2\files-2.1\io.netty\netty-buffer\4.1.97.Final\f8f3d8644afa5e6e1a40a3a6aeb9d9aa970ecb4f\netty-buffer-4.1.97.Final.jar because it was already located earlier
[17mai.2026 19:29:59.793] [main/DEBUG] [net.neoforged.fml.loading.moddiscovery.ModDiscoverer/]: Skipping C:\Users\gabri\.gradle\caches\modules-2\files-2.1\io.netty\netty-codec\4.1.97.Final\384ba4d75670befbedb45c4d3b497a93639c206d\netty-codec-4.1.97.Final.jar because it was already located earlier
[17mai.2026 19:29:59.793] [main/DEBUG] [net.neoforged.fml.loading.moddiscovery.ModDiscoverer/]: Skipping C:\Users\gabri\.gradle\caches\modules-2\files-2.1\io.netty\netty-common\4.1.97.Final\7cceacaf11df8dc63f23d0fb58e9d4640fc88404\netty-common-4.1.97.Final.jar because it was already located earlier
[17mai.2026 19:29:59.793] [main/DEBUG] [net.neoforged.fml.loading.moddiscovery.ModDiscoverer/]: Skipping C:\Users\gabri\.gradle\caches\modules-2\files-2.1\io.netty\netty-handler\4.1.97.Final\abb86c6906bf512bf2b797a41cd7d2e8d3cd7c36\netty-handler-4.1.97.Final.jar because it was already located earlier
[17mai.2026 19:29:59.793] [main/DEBUG] [net.neoforged.fml.loading.moddiscovery.ModDiscoverer/]: Skipping C:\Users\gabri\.gradle\caches\modules-2\files-2.1\io.netty\netty-resolver\4.1.97.Final\cec8348108dc76c47cf87c669d514be52c922144\netty-resolver-4.1.97.Final.jar because it was already located earlier
[17mai.2026 19:29:59.793] [main/DEBUG] [net.neoforged.fml.loading.moddiscovery.ModDiscoverer/]: Skipping C:\Users\gabri\.gradle\caches\modules-2\files-2.1\io.netty\netty-transport-classes-epoll\4.1.97.Final\795da37ded759e862457a82d9d92c4d39ce8ecee\netty-transport-classes-epoll-4.1.97.Final.jar because it was already located earlier
[17mai.2026 19:29:59.793] [main/DEBUG] [net.neoforged.fml.loading.moddiscovery.ModDiscoverer/]: Skipping C:\Users\gabri\.gradle\caches\modules-2\files-2.1\io.netty\netty-transport-native-unix-common\4.1.97.Final\d469d84265ab70095b01b40886cabdd433b6e664\netty-transport-native-unix-common-4.1.97.Final.jar because it was already located earlier
[17mai.2026 19:29:59.793] [main/DEBUG] [net.neoforged.fml.loading.moddiscovery.ModDiscoverer/]: Skipping C:\Users\gabri\.gradle\caches\modules-2\files-2.1\io.netty\netty-transport\4.1.97.Final\f37380d23c9bb079bc702910833b2fd532c9abd0\netty-transport-4.1.97.Final.jar because it was already located earlier
[17mai.2026 19:29:59.793] [main/DEBUG] [net.neoforged.fml.loading.moddiscovery.ModDiscoverer/]: Skipping C:\Users\gabri\.gradle\caches\modules-2\files-2.1\it.unimi.dsi\fastutil\8.5.12\c24946d46824bd528054bface3231d2ecb7e95e8\fastutil-8.5.12.jar because it was already located earlier
[17mai.2026 19:29:59.793] [main/DEBUG] [net.neoforged.fml.loading.moddiscovery.ModDiscoverer/]: Skipping C:\Users\gabri\.gradle\caches\modules-2\files-2.1\net.java.dev.jna\jna-platform\5.14.0\28934d48aed814f11e4c584da55c49fa7032b31b\jna-platform-5.14.0.jar because it was already located earlier
[17mai.2026 19:29:59.793] [main/DEBUG] [net.neoforged.fml.loading.moddiscovery.ModDiscoverer/]: Skipping C:\Users\gabri\.gradle\caches\modules-2\files-2.1\net.java.dev.jna\jna\5.14.0\67bf3eaea4f0718cb376a181a629e5f88fa1c9dd\jna-5.14.0.jar because it was already located earlier
[17mai.2026 19:29:59.793] [main/DEBUG] [net.neoforged.fml.loading.moddiscovery.ModDiscoverer/]: Skipping C:\Users\gabri\.gradle\caches\modules-2\files-2.1\org.apache.commons\commons-compress\1.26.0\659feffdd12280201c8aacb8f7be94f9a883c824\commons-compress-1.26.0.jar because it was already located earlier
[17mai.2026 19:29:59.798] [main/DEBUG] [net.neoforged.fml.loading.moddiscovery.ModDiscoverer/]: Skipping C:\Users\gabri\.gradle\caches\modules-2\files-2.1\org.apache.httpcomponents\httpclient\4.5.13\e5f6cae5ca7ecaac1ec2827a9e2d65ae2869cada\httpclient-4.5.13.jar because it was already located earlier
[17mai.2026 19:29:59.798] [main/DEBUG] [net.neoforged.fml.loading.moddiscovery.ModDiscoverer/]: Skipping C:\Users\gabri\.gradle\caches\modules-2\files-2.1\org.apache.httpcomponents\httpcore\4.4.16\51cf043c87253c9f58b539c9f7e44c8894223850\httpcore-4.4.16.jar because it was already located earlier
[17mai.2026 19:29:59.798] [main/DEBUG] [net.neoforged.fml.loading.moddiscovery.ModDiscoverer/]: Skipping C:\Users\gabri\.gradle\caches\modules-2\files-2.1\org.jcraft\jorbis\0.0.17\8872d22b293e8f5d7d56ff92be966e6dc28ebdc6\jorbis-0.0.17.jar because it was already located earlier
[17mai.2026 19:29:59.798] [main/DEBUG] [net.neoforged.fml.loading.moddiscovery.ModDiscoverer/]: Skipping C:\Users\gabri\.gradle\caches\modules-2\files-2.1\org.joml\joml\1.10.5\22566d58af70ad3d72308bab63b8339906deb649\joml-1.10.5.jar because it was already located earlier
[17mai.2026 19:29:59.798] [main/DEBUG] [net.neoforged.fml.loading.moddiscovery.ModDiscoverer/]: Skipping C:\Users\gabri\.gradle\caches\modules-2\files-2.1\org.lwjgl\lwjgl-freetype\3.3.3\a0db6c84a8becc8ca05f9dbfa985edc348a824c7\lwjgl-freetype-3.3.3.jar because it was already located earlier
[17mai.2026 19:29:59.812] [main/DEBUG] [net.neoforged.fml.loading.moddiscovery.ModDiscoverer/]: Skipping C:\Users\gabri\.gradle\caches\modules-2\files-2.1\org.lwjgl\lwjgl-freetype\3.3.3\15a8c1de7f51d07a92eae7ce1222557073a0c0c3\lwjgl-freetype-3.3.3-natives-windows-x86.jar because it was already located earlier
[17mai.2026 19:29:59.814] [main/DEBUG] [net.neoforged.fml.loading.moddiscovery.ModDiscoverer/]: Skipping C:\Users\gabri\.gradle\caches\modules-2\files-2.1\org.lwjgl\lwjgl-glfw\3.3.3\efa1eb78c5ccd840e9f329717109b5e892d72f8e\lwjgl-glfw-3.3.3.jar because it was already located earlier
[17mai.2026 19:29:59.830] [main/DEBUG] [net.neoforged.fml.loading.moddiscovery.ModDiscoverer/]: Skipping C:\Users\gabri\.gradle\caches\modules-2\files-2.1\org.lwjgl\lwjgl-glfw\3.3.3\32334f3fd5270a59bad9939a93115acb6de36dcf\lwjgl-glfw-3.3.3-natives-windows-x86.jar because it was already located earlier
[17mai.2026 19:29:59.830] [main/DEBUG] [net.neoforged.fml.loading.moddiscovery.ModDiscoverer/]: Skipping C:\Users\gabri\.gradle\caches\modules-2\files-2.1\org.lwjgl\lwjgl-jemalloc\3.3.3\b543467b7ff3c6920539a88ee602d34098628be5\lwjgl-jemalloc-3.3.3.jar because it was already located earlier
[17mai.2026 19:29:59.830] [main/DEBUG] [net.neoforged.fml.loading.moddiscovery.ModDiscoverer/]: Skipping C:\Users\gabri\.gradle\caches\modules-2\files-2.1\org.lwjgl\lwjgl-jemalloc\3.3.3\426222fc027602a5f21b9c0fe79cde6a4c7a011f\lwjgl-jemalloc-3.3.3-natives-windows.jar because it was already located earlier
[17mai.2026 19:29:59.838] [main/DEBUG] [net.neoforged.fml.loading.moddiscovery.ModDiscoverer/]: Skipping C:\Users\gabri\.gradle\caches\modules-2\files-2.1\org.lwjgl\lwjgl-openal\3.3.3\daada81ceb5fc0c291fbfdd4433cb8d9423577f2\lwjgl-openal-3.3.3.jar because it was already located earlier
[17mai.2026 19:29:59.838] [main/DEBUG] [net.neoforged.fml.loading.moddiscovery.ModDiscoverer/]: Skipping C:\Users\gabri\.gradle\caches\modules-2\files-2.1\org.lwjgl\lwjgl-openal\3.3.3\87b8d5050e3adb46bb58fe1cb2669a4a48fce10d\lwjgl-openal-3.3.3-natives-windows-x86.jar because it was already located earlier
[17mai.2026 19:29:59.838] [main/DEBUG] [net.neoforged.fml.loading.moddiscovery.ModDiscoverer/]: Skipping C:\Users\gabri\.gradle\caches\modules-2\files-2.1\org.lwjgl\lwjgl-opengl\3.3.3\2f6b0147078396a58979125a4c947664e98293a\lwjgl-opengl-3.3.3.jar because it was already located earlier
[17mai.2026 19:29:59.853] [main/DEBUG] [net.neoforged.fml.loading.moddiscovery.ModDiscoverer/]: Skipping C:\Users\gabri\.gradle\caches\modules-2\files-2.1\org.lwjgl\lwjgl-opengl\3.3.3\65e956d3735a1abdc82eff4baec1b61174697d4b\lwjgl-opengl-3.3.3-natives-windows-arm64.jar because it was already located earlier
[17mai.2026 19:29:59.853] [main/DEBUG] [net.neoforged.fml.loading.moddiscovery.ModDiscoverer/]: Skipping C:\Users\gabri\.gradle\caches\modules-2\files-2.1\org.lwjgl\lwjgl-stb\3.3.3\25dd6161988d7e65f71d5065c99902402ee32746\lwjgl-stb-3.3.3.jar because it was already located earlier
[17mai.2026 19:29:59.853] [main/DEBUG] [net.neoforged.fml.loading.moddiscovery.ModDiscoverer/]: Skipping C:\Users\gabri\.gradle\caches\modules-2\files-2.1\org.lwjgl\lwjgl-stb\3.3.3\1d9facdf6541de114b0f963be33505b7679c78cb\lwjgl-stb-3.3.3-natives-windows.jar because it was already located earlier
[17mai.2026 19:29:59.871] [main/DEBUG] [net.neoforged.fml.loading.moddiscovery.ModDiscoverer/]: Skipping C:\Users\gabri\.gradle\caches\modules-2\files-2.1\org.lwjgl\lwjgl-tinyfd\3.3.3\82d755ca94b102e9ca77283b9e2dc46d1b15fbe5\lwjgl-tinyfd-3.3.3.jar because it was already located earlier
[17mai.2026 19:29:59.871] [main/DEBUG] [net.neoforged.fml.loading.moddiscovery.ModDiscoverer/]: Skipping C:\Users\gabri\.gradle\caches\modules-2\files-2.1\org.lwjgl\lwjgl-tinyfd\3.3.3\a6697981b0449a5087c1d546fc08b4f73e8f98c9\lwjgl-tinyfd-3.3.3-natives-windows.jar because it was already located earlier
[17mai.2026 19:29:59.883] [main/DEBUG] [net.neoforged.fml.loading.moddiscovery.ModDiscoverer/]: Skipping C:\Users\gabri\.gradle\caches\modules-2\files-2.1\org.lwjgl\lwjgl\3.3.3\29589b5f87ed335a6c7e7ee6a5775f81f97ecb84\lwjgl-3.3.3.jar because it was already located earlier
[17mai.2026 19:29:59.894] [main/DEBUG] [net.neoforged.fml.loading.moddiscovery.ModDiscoverer/]: Skipping C:\Users\gabri\.gradle\caches\modules-2\files-2.1\org.lwjgl\lwjgl\3.3.3\9e670718e050aeaeea0c2d5b907cffb142f2e58f\lwjgl-3.3.3-natives-windows-x86.jar because it was already located earlier
[17mai.2026 19:29:59.894] [main/DEBUG] [net.neoforged.fml.loading.moddiscovery.ModDiscoverer/]: Skipping C:\Users\gabri\.gradle\caches\modules-2\files-2.1\org.lz4\lz4-java\1.8.0\4b986a99445e49ea5fbf5d149c4b63f6ed6c6780\lz4-java-1.8.0.jar because it was already located earlier
[17mai.2026 19:29:59.894] [main/DEBUG] [net.neoforged.fml.loading.moddiscovery.ModDiscoverer/]: Skipping C:\Users\gabri\.gradle\caches\modules-2\files-2.1\org.jline\jline-terminal\3.20.0\d0ddcc708ddf527a3454c941b7b9225cc83a15ff\jline-terminal-3.20.0.jar because it was already located earlier
[17mai.2026 19:29:59.894] [main/DEBUG] [net.neoforged.fml.loading.moddiscovery.ModDiscoverer/]: Skipping C:\Users\gabri\.gradle\caches\modules-2\files-2.1\com.google.guava\listenablefuture\9999.0-empty-to-avoid-conflict-with-guava\b421526c5f297295adef1c886e5246c39d4ac629\listenablefuture-9999.0-empty-to-avoid-conflict-with-guava.jar because it was already located earlier
[17mai.2026 19:29:59.894] [main/DEBUG] [net.neoforged.fml.loading.moddiscovery.ModDiscoverer/]: Skipping C:\Users\gabri\.gradle\caches\modules-2\files-2.1\com.google.code.findbugs\jsr305\3.0.2\25ea2e8b0c338a877313bd4672d3fe056ea78f0d\jsr305-3.0.2.jar because it was already located earlier
[17mai.2026 19:29:59.896] [main/DEBUG] [net.neoforged.fml.loading.moddiscovery.ModDiscoverer/]: Skipping C:\Users\gabri\.gradle\caches\modules-2\files-2.1\org.checkerframework\checker-qual\3.33.0\de2b60b62da487644fc11f734e73c8b0b431238f\checker-qual-3.33.0.jar because it was already located earlier
[17mai.2026 19:29:59.896] [main/DEBUG] [net.neoforged.fml.loading.moddiscovery.ModDiscoverer/]: Skipping C:\Users\gabri\.gradle\caches\modules-2\files-2.1\com.google.errorprone\error_prone_annotations\2.18.0\89b684257096f548fa39a7df9fdaa409d4d4df91\error_prone_annotations-2.18.0.jar because it was already located earlier
[17mai.2026 19:29:59.896] [main/DEBUG] [net.neoforged.fml.loading.moddiscovery.ModDiscoverer/]: Skipping C:\Users\gabri\.gradle\caches\modules-2\files-2.1\com.google.j2objc\j2objc-annotations\2.8\c85270e307e7b822f1086b93689124b89768e273\j2objc-annotations-2.8.jar because it was already located earlier
[17mai.2026 19:29:59.898] [main/DEBUG] [net.neoforged.fml.loading.UniqueModListBuilder/]: Found 2 mods for first modid neoforge, selecting most recent based on version data
[17mai.2026 19:29:59.900] [main/DEBUG] [net.neoforged.fml.loading.UniqueModListBuilder/]: Selected file neoforge-21.1.228.jar for modid neoforge with version 21.1.228
[17mai.2026 19:30:00.013] [main/DEBUG] [net.neoforged.fml.loading.moddiscovery.ModFileParser/LOADING]: Considering mod file candidate 
[17mai.2026 19:30:00.018] [main/DEBUG] [net.neoforged.fml.loading.moddiscovery.ModFileInfo/LOADING]: Found valid mod file ae2wtlib_api-19.2.5.jar with {ae2wtlib_api} mods - versions {19.2.5}
[17mai.2026 19:30:00.028] [main/DEBUG] [net.neoforged.fml.loading.moddiscovery.ModFileParser/LOADING]: Considering mod file candidate 
[17mai.2026 19:30:00.032] [main/DEBUG] [net.neoforged.fml.loading.moddiscovery.ModFileInfo/LOADING]: Found valid mod file ae2addonlib-1.0.3-1.21.1.jar with {ae2addonlib} mods - versions {1.0.3-1.21.1}
[17mai.2026 19:30:00.176] [main/DEBUG] [net.neoforged.fml.loading.moddiscovery.ModFileParser/LOADING]: Considering mod file candidate 
[17mai.2026 19:30:00.183] [main/DEBUG] [net.neoforged.fml.loading.moddiscovery.ModFileInfo/LOADING]: Found valid mod file ae2wtlib_api-19.2.5.jar with {ae2wtlib_api} mods - versions {19.2.5}
[17mai.2026 19:30:00.195] [main/DEBUG] [net.neoforged.fml.loading.moddiscovery.ModFileParser/LOADING]: Considering mod file candidate 
[17mai.2026 19:30:00.197] [main/DEBUG] [net.neoforged.fml.loading.moddiscovery.ModFileInfo/LOADING]: Found valid mod file ae2addonlib-1.0.3-1.21.1.jar with {ae2addonlib} mods - versions {1.0.3-1.21.1}
[17mai.2026 19:30:00.201] [main/INFO] [net.neoforged.fml.loading.moddiscovery.locators.JarInJarDependencyLocator/]: Found 4 dependencies adding them to mods collection
[17mai.2026 19:30:00.205] [main/INFO] [net.neoforged.fml.loading.moddiscovery.ModDiscoverer/]: 
     Mod List:
		Name Version (Mod Id)

		Advanced AE 1.6.11-1.21.1 (advanced_ae)
		AE2AddonLib 1.0.3-1.21.1 (ae2addonlib)
		AE2WTLib API 19.2.5 (ae2wtlib_api)
		Applied Energistics 2 19.2.17 (ae2)
		GeckoLib 4 4.8.4 (geckolib)
		GuideME 21.1.15 (guideme)
		Legendary Netherstar Furnace 1.0.0 (legendarynetherstarfurnace)
		Mekanism 10.7.19 (mekanism)
		Minecraft 1.21.1 (minecraft)
		NeoForge 21.1.228 (neoforge)
[17mai.2026 19:30:00.209] [main/DEBUG] [net.neoforged.fml.loading.moddiscovery.ModFileInfo/LOADING]: Found valid mod file neoforge-21.1.228.jar with {minecraft} mods - versions {1.21.1}
[17mai.2026 19:30:00.217] [main/DEBUG] [net.neoforged.fml.loading.moddiscovery.ModFile/LOADING]: Loading mod file C:\Users\gabri\OneDrive\Documentos\Projetos\LegendaryNetherstarFurnaceMod\LegendaryNetherstarFurnaceMod\build\moddev\artifacts\neoforge-21.1.228.jar with languages [LanguageSpec[languageName=minecraft, acceptedVersions=1]]
[17mai.2026 19:30:00.221] [main/DEBUG] [net.neoforged.fml.loading.moddiscovery.ModFileParser/LOADING]: Considering mod file candidate C:\Users\gabri\OneDrive\Documentos\Projetos\LegendaryNetherstarFurnaceMod\LegendaryNetherstarFurnaceMod\run\mods\AdvancedAE-1.6.11-1.21.1.jar
[17mai.2026 19:30:00.223] [main/DEBUG] [net.neoforged.fml.loading.moddiscovery.ModFileInfo/LOADING]: Found valid mod file AdvancedAE-1.6.11-1.21.1.jar with {advanced_ae} mods - versions {1.6.11-1.21.1}
[17mai.2026 19:30:00.223] [main/DEBUG] [net.neoforged.fml.loading.moddiscovery.ModFile/LOADING]: Loading mod file C:\Users\gabri\OneDrive\Documentos\Projetos\LegendaryNetherstarFurnaceMod\LegendaryNetherstarFurnaceMod\run\mods\AdvancedAE-1.6.11-1.21.1.jar with languages [LanguageSpec[languageName=javafml, acceptedVersions=[4,)]]
[17mai.2026 19:30:00.225] [main/DEBUG] [net.neoforged.fml.loading.moddiscovery.ModFile/LOADING]: Found mixin config MixinConfig[config=mixins.aae.json, requiredMods=[]]
[17mai.2026 19:30:00.225] [main/DEBUG] [net.neoforged.fml.loading.moddiscovery.ModFileParser/LOADING]: Considering mod file candidate C:\Users\gabri\OneDrive\Documentos\Projetos\LegendaryNetherstarFurnaceMod\LegendaryNetherstarFurnaceMod\run\mods\Mekanism-1.21.1-10.7.19.85.jar
[17mai.2026 19:30:00.229] [main/DEBUG] [net.neoforged.fml.loading.moddiscovery.ModFileInfo/LOADING]: Found valid mod file Mekanism-1.21.1-10.7.19.85.jar with {mekanism} mods - versions {10.7.19}
[17mai.2026 19:30:00.229] [main/DEBUG] [net.neoforged.fml.loading.moddiscovery.ModFile/LOADING]: Loading mod file C:\Users\gabri\OneDrive\Documentos\Projetos\LegendaryNetherstarFurnaceMod\LegendaryNetherstarFurnaceMod\run\mods\Mekanism-1.21.1-10.7.19.85.jar with languages [LanguageSpec[languageName=javafml, acceptedVersions=[4,)]]
[17mai.2026 19:30:00.229] [main/DEBUG] [net.neoforged.fml.loading.moddiscovery.ModFileParser/LOADING]: Considering mod file candidate 
[17mai.2026 19:30:00.235] [main/DEBUG] [net.neoforged.fml.loading.moddiscovery.ModFileInfo/LOADING]: Found valid mod file ae2addonlib-1.0.3-1.21.1.jar with {ae2addonlib} mods - versions {1.0.3-1.21.1}
[17mai.2026 19:30:00.235] [main/DEBUG] [net.neoforged.fml.loading.moddiscovery.ModFile/LOADING]: Loading mod file  with languages [LanguageSpec[languageName=javafml, acceptedVersions=[1,)]]
[17mai.2026 19:30:00.235] [main/DEBUG] [net.neoforged.fml.loading.moddiscovery.ModFileParser/LOADING]: Considering mod file candidate C:\Users\gabri\OneDrive\Documentos\Projetos\LegendaryNetherstarFurnaceMod\LegendaryNetherstarFurnaceMod\run\mods\geckolib-neoforge-1.21.1-4.8.4.jar
[17mai.2026 19:30:00.238] [main/DEBUG] [net.neoforged.fml.loading.moddiscovery.ModFileInfo/LOADING]: Found valid mod file geckolib-neoforge-1.21.1-4.8.4.jar with {geckolib} mods - versions {4.8.4}
[17mai.2026 19:30:00.238] [main/DEBUG] [net.neoforged.fml.loading.moddiscovery.ModFile/LOADING]: Loading mod file C:\Users\gabri\OneDrive\Documentos\Projetos\LegendaryNetherstarFurnaceMod\LegendaryNetherstarFurnaceMod\run\mods\geckolib-neoforge-1.21.1-4.8.4.jar with languages [LanguageSpec[languageName=javafml, acceptedVersions=[4,)]]
[17mai.2026 19:30:00.238] [main/DEBUG] [net.neoforged.fml.loading.moddiscovery.ModFile/LOADING]: Found mixin config MixinConfig[config=geckolib.mixins.json, requiredMods=[]]
[17mai.2026 19:30:00.238] [main/DEBUG] [net.neoforged.fml.loading.moddiscovery.ModFileParser/LOADING]: Considering mod file candidate C:\Users\gabri\OneDrive\Documentos\Projetos\LegendaryNetherstarFurnaceMod\LegendaryNetherstarFurnaceMod\run\mods\guideme-21.1.15.jar
[17mai.2026 19:30:00.238] [main/DEBUG] [net.neoforged.fml.loading.moddiscovery.ModFileInfo/LOADING]: Found valid mod file guideme-21.1.15.jar with {guideme} mods - versions {21.1.15}
[17mai.2026 19:30:00.238] [main/DEBUG] [net.neoforged.fml.loading.moddiscovery.ModFile/LOADING]: Loading mod file C:\Users\gabri\OneDrive\Documentos\Projetos\LegendaryNetherstarFurnaceMod\LegendaryNetherstarFurnaceMod\run\mods\guideme-21.1.15.jar with languages [LanguageSpec[languageName=javafml, acceptedVersions=*]]
[17mai.2026 19:30:00.244] [main/DEBUG] [net.neoforged.fml.loading.moddiscovery.ModFile/LOADING]: Found mixin config MixinConfig[config=guideme.optional.mixins.json, requiredMods=[]]
[17mai.2026 19:30:00.244] [main/DEBUG] [net.neoforged.fml.loading.moddiscovery.ModFileParser/LOADING]: Considering mod file candidate 
[17mai.2026 19:30:00.244] [main/DEBUG] [net.neoforged.fml.loading.moddiscovery.ModFileInfo/LOADING]: Found valid mod file ae2wtlib_api-19.2.5.jar with {ae2wtlib_api} mods - versions {19.2.5}
[17mai.2026 19:30:00.244] [main/DEBUG] [net.neoforged.fml.loading.moddiscovery.ModFile/LOADING]: Loading mod file  with languages [LanguageSpec[languageName=javafml, acceptedVersions=[1,)]]
[17mai.2026 19:30:00.244] [main/DEBUG] [net.neoforged.fml.loading.moddiscovery.ModFileParser/LOADING]: Considering mod file candidate C:\Users\gabri\OneDrive\Documentos\Projetos\LegendaryNetherstarFurnaceMod\LegendaryNetherstarFurnaceMod\build\moddev\artifacts\neoforge-21.1.228.jar
[17mai.2026 19:30:00.249] [main/DEBUG] [net.neoforged.fml.loading.moddiscovery.ModFileInfo/LOADING]: Found valid mod file neoforge-21.1.228.jar with {neoforge} mods - versions {21.1.228}
[17mai.2026 19:30:00.249] [main/DEBUG] [net.neoforged.fml.loading.moddiscovery.ModFile/LOADING]: Loading mod file C:\Users\gabri\OneDrive\Documentos\Projetos\LegendaryNetherstarFurnaceMod\LegendaryNetherstarFurnaceMod\build\moddev\artifacts\neoforge-21.1.228.jar with languages [LanguageSpec[languageName=javafml, acceptedVersions=[3,]]]
[17mai.2026 19:30:00.249] [main/DEBUG] [net.neoforged.fml.loading.moddiscovery.ModFile/LOADING]: Found mixin config MixinConfig[config=neoforge.mixins.json, requiredMods=[]]
[17mai.2026 19:30:00.249] [main/DEBUG] [net.neoforged.fml.loading.moddiscovery.ModFileParser/LOADING]: Considering mod file candidate C:\Users\gabri\OneDrive\Documentos\Projetos\LegendaryNetherstarFurnaceMod\LegendaryNetherstarFurnaceMod\run\mods\appliedenergistics2-19.2.17.jar
[17mai.2026 19:30:00.255] [main/DEBUG] [net.neoforged.fml.loading.moddiscovery.ModFileInfo/LOADING]: Found valid mod file appliedenergistics2-19.2.17.jar with {ae2} mods - versions {19.2.17}
[17mai.2026 19:30:00.255] [main/DEBUG] [net.neoforged.fml.loading.moddiscovery.ModFile/LOADING]: Loading mod file C:\Users\gabri\OneDrive\Documentos\Projetos\LegendaryNetherstarFurnaceMod\LegendaryNetherstarFurnaceMod\run\mods\appliedenergistics2-19.2.17.jar with languages [LanguageSpec[languageName=javafml, acceptedVersions=[1,)]]
[17mai.2026 19:30:00.255] [main/DEBUG] [net.neoforged.fml.loading.moddiscovery.ModFile/LOADING]: Found mixin config MixinConfig[config=ae2.mixins.json, requiredMods=[]]
[17mai.2026 19:30:00.255] [main/DEBUG] [net.neoforged.fml.loading.moddiscovery.ModFileParser/LOADING]: Considering mod file candidate C:\Users\gabri\OneDrive\Documentos\Projetos\LegendaryNetherstarFurnaceMod\LegendaryNetherstarFurnaceMod\build\classes\java\main
[17mai.2026 19:30:00.258] [main/DEBUG] [net.neoforged.fml.loading.moddiscovery.ModFileInfo/LOADING]: Found valid mod file main with {legendarynetherstarfurnace} mods - versions {1.0.0}
[17mai.2026 19:30:00.261] [main/DEBUG] [net.neoforged.fml.loading.moddiscovery.ModFile/LOADING]: Loading mod file C:\Users\gabri\OneDrive\Documentos\Projetos\LegendaryNetherstarFurnaceMod\LegendaryNetherstarFurnaceMod\build\classes\java\main with languages [LanguageSpec[languageName=javafml, acceptedVersions=[4,)]]
[17mai.2026 19:30:00.261] [main/DEBUG] [net.neoforged.fml.loading.moddiscovery.ModFile/LOADING]: Loading mod file  with languages []
[17mai.2026 19:30:00.265] [main/DEBUG] [cpw.mods.modlauncher.TransformationServiceDecorator/MODLAUNCHER]: End scan trigger - transformation service fml
[17mai.2026 19:30:00.287] [main/DEBUG] [net.neoforged.fml.util.ServiceLoaderUtil/CORE]: Found 3 implementations of IModLanguageLoader:
[17mai.2026 19:30:00.292] [main/DEBUG] [net.neoforged.fml.util.ServiceLoaderUtil/CORE]: 	net.neoforged.fml.javafmlmod.FMLJavaModLanguageProvider from loader-4.0.42.jar
[17mai.2026 19:30:00.292] [main/DEBUG] [net.neoforged.fml.util.ServiceLoaderUtil/CORE]: 	net.neoforged.fml.lowcodemod.LowCodeModLanguageProvider from loader-4.0.42.jar
[17mai.2026 19:30:00.292] [main/DEBUG] [net.neoforged.fml.util.ServiceLoaderUtil/CORE]: 	net.neoforged.fml.mclanguageprovider.MinecraftModLanguageProvider from loader-4.0.42.jar
[17mai.2026 19:30:00.292] [main/DEBUG] [net.neoforged.fml.loading.LanguageProviderLoader/CORE]: Found language provider javafml, version 4.0.42
[17mai.2026 19:30:00.294] [main/DEBUG] [net.neoforged.fml.loading.LanguageProviderLoader/CORE]: Found language provider lowcodefml, version 4.0.42
[17mai.2026 19:30:00.296] [main/DEBUG] [net.neoforged.fml.loading.LanguageProviderLoader/CORE]: Found language provider minecraft, version 4.0.42
[17mai.2026 19:30:00.312] [main/DEBUG] [net.neoforged.fml.loading.ModSorter/]: Configured system mods: [minecraft, neoforge]
[17mai.2026 19:30:00.313] [main/DEBUG] [net.neoforged.fml.loading.ModSorter/]: Found system mod: minecraft
[17mai.2026 19:30:00.313] [main/DEBUG] [net.neoforged.fml.loading.ModSorter/]: Found system mod: neoforge
[17mai.2026 19:30:00.319] [main/DEBUG] [net.neoforged.fml.loading.ModSorter/LOADING]: Found 37 mod requirements (25 mandatory, 12 optional)
[17mai.2026 19:30:00.321] [main/DEBUG] [net.neoforged.fml.loading.ModSorter/LOADING]: Found 0 mod requirements missing (0 mandatory, 0 optional)
[17mai.2026 19:30:00.777] [main/DEBUG] [mixin/]: Adding mixin platform agents for container net.neoforged.fml.loading.mixin.FMLMixinContainerHandle@a18649a
[17mai.2026 19:30:00.779] [main/DEBUG] [mixin/]: Instancing new MixinPlatformAgentMinecraftForge for net.neoforged.fml.loading.mixin.FMLMixinContainerHandle@a18649a
[17mai.2026 19:30:00.779] [main/DEBUG] [mixin/]: MixinPlatformAgentMinecraftForge rejected container net.neoforged.fml.loading.mixin.FMLMixinContainerHandle@a18649a
[17mai.2026 19:30:00.779] [main/DEBUG] [mixin/]: Instancing new MixinPlatformAgentDefault for net.neoforged.fml.loading.mixin.FMLMixinContainerHandle@a18649a
[17mai.2026 19:30:00.779] [main/DEBUG] [mixin/]: MixinPlatformAgentDefault accepted container net.neoforged.fml.loading.mixin.FMLMixinContainerHandle@a18649a
[17mai.2026 19:30:00.779] [main/DEBUG] [mixin/]: Instancing new FMLMixinPlatformAgent for net.neoforged.fml.loading.mixin.FMLMixinContainerHandle@a18649a
[17mai.2026 19:30:00.779] [main/DEBUG] [mixin/]: FMLMixinPlatformAgent accepted container net.neoforged.fml.loading.mixin.FMLMixinContainerHandle@a18649a
[17mai.2026 19:30:00.805] [main/DEBUG] [cpw.mods.modlauncher.TransformationServicesHandler/MODLAUNCHER]: Transformation services loading transformers
[17mai.2026 19:30:00.806] [main/DEBUG] [cpw.mods.modlauncher.TransformationServiceDecorator/MODLAUNCHER]: Initializing transformers for transformation service mixin
[17mai.2026 19:30:00.807] [main/DEBUG] [cpw.mods.modlauncher.TransformationServiceDecorator/MODLAUNCHER]: Initialized transformers for transformation service mixin
[17mai.2026 19:30:00.807] [main/DEBUG] [cpw.mods.modlauncher.TransformationServiceDecorator/MODLAUNCHER]: Initializing transformers for transformation service fml
[17mai.2026 19:30:00.807] [main/DEBUG] [net.neoforged.fml.loading.FMLServiceProvider/LOADING]: Loading coremod transformers
[17mai.2026 19:30:00.809] [main/DEBUG] [net.neoforged.fml.loading.FMLServiceProvider/CORE]: Not loading coremod script-engine since no mod requested it
[17mai.2026 19:30:00.814] [main/DEBUG] [net.neoforged.fml.util.ServiceLoaderUtil/CORE]: Found 1 implementations of ICoreMod:
[17mai.2026 19:30:00.816] [main/DEBUG] [net.neoforged.fml.util.ServiceLoaderUtil/CORE]: 	net.neoforged.neoforge.coremods.NeoForgeCoreMod from neoforge-21.1.228.jar > net.neoforged.neoforge-coremods-21.1.228.jar
[17mai.2026 19:30:00.831] [main/DEBUG] [net.neoforged.fml.loading.FMLServiceProvider/CORE]: Adding [Target[className=net.minecraft.world.level.biome.Biome, elementName=, elementDescriptor=, targetType=cpw.mods.modlauncher.api.TargetType@1b0a7baf]] transformer from core-mod net.neoforged.neoforge.coremods.NeoForgeCoreMod@3c0bbc9f in neoforge-21.1.228.jar > net.neoforged.neoforge-coremods-21.1.228.jar
[17mai.2026 19:30:00.833] [main/DEBUG] [net.neoforged.fml.loading.FMLServiceProvider/CORE]: Adding [Target[className=net.minecraft.world.level.levelgen.structure.Structure, elementName=, elementDescriptor=, targetType=cpw.mods.modlauncher.api.TargetType@1b0a7baf]] transformer from core-mod net.neoforged.neoforge.coremods.NeoForgeCoreMod@3c0bbc9f in neoforge-21.1.228.jar > net.neoforged.neoforge-coremods-21.1.228.jar
[17mai.2026 19:30:00.833] [main/DEBUG] [net.neoforged.fml.loading.FMLServiceProvider/CORE]: Adding [Target[className=net.minecraft.world.level.block.FlowerPotBlock, elementName=, elementDescriptor=, targetType=cpw.mods.modlauncher.api.TargetType@1b0a7baf]] transformer from core-mod net.neoforged.neoforge.coremods.NeoForgeCoreMod@3c0bbc9f in neoforge-21.1.228.jar > net.neoforged.neoforge-coremods-21.1.228.jar
[17mai.2026 19:30:00.833] [main/DEBUG] [net.neoforged.fml.loading.FMLServiceProvider/CORE]: Adding [Target[className=net/minecraft/server/commands/RaidCommand, elementName=, elementDescriptor=, targetType=cpw.mods.modlauncher.api.TargetType@1b0a7baf], Target[className=net/minecraft/world/entity/monster/ZombieVillager, elementName=, elementDescriptor=, targetType=cpw.mods.modlauncher.api.TargetType@1b0a7baf], Target[className=net/minecraft/world/level/levelgen/PatrolSpawner, elementName=, elementDescriptor=, targetType=cpw.mods.modlauncher.api.TargetType@1b0a7baf], Target[className=net/minecraft/world/level/levelgen/structure/structures/OceanMonumentPieces$OceanMonumentPiece, elementName=, elementDescriptor=, targetType=cpw.mods.modlauncher.api.TargetType@1b0a7baf], Target[className=net/minecraft/world/entity/monster/Evoker$EvokerSummonSpellGoal, elementName=, elementDescriptor=, targetType=cpw.mods.modlauncher.api.TargetType@1b0a7baf], Target[className=net/minecraft/world/entity/ai/village/VillageSiege, elementName=, elementDescriptor=, targetType=cpw.mods.modlauncher.api.TargetType@1b0a7baf], Target[className=net/minecraft/world/entity/animal/frog/Tadpole, elementName=, elementDescriptor=, targetType=cpw.mods.modlauncher.api.TargetType@1b0a7baf], Target[className=net/minecraft/world/level/levelgen/structure/templatesystem/StructureTemplate, elementName=, elementDescriptor=, targetType=cpw.mods.modlauncher.api.TargetType@1b0a7baf], Target[className=net/minecraft/world/entity/npc/Villager, elementName=, elementDescriptor=, targetType=cpw.mods.modlauncher.api.TargetType@1b0a7baf], Target[className=net/minecraft/world/level/levelgen/structure/structures/OceanRuinPieces$OceanRuinPiece, elementName=, elementDescriptor=, targetType=cpw.mods.modlauncher.api.TargetType@1b0a7baf], Target[className=net/minecraft/world/level/levelgen/structure/structures/SwampHutPiece, elementName=, elementDescriptor=, targetType=cpw.mods.modlauncher.api.TargetType@1b0a7baf], Target[className=net/minecraft/world/entity/monster/Zombie, elementName=, elementDescriptor=, targetType=cpw.mods.modlauncher.api.TargetType@1b0a7baf], Target[className=net/minecraft/world/entity/monster/Spider, elementName=, elementDescriptor=, targetType=cpw.mods.modlauncher.api.TargetType@1b0a7baf], Target[className=net/minecraft/world/entity/npc/CatSpawner, elementName=, elementDescriptor=, targetType=cpw.mods.modlauncher.api.TargetType@1b0a7baf], Target[className=net/minecraft/world/level/levelgen/PhantomSpawner, elementName=, elementDescriptor=, targetType=cpw.mods.modlauncher.api.TargetType@1b0a7baf], Target[className=net/minecraft/server/commands/SummonCommand, elementName=, elementDescriptor=, targetType=cpw.mods.modlauncher.api.TargetType@1b0a7baf], Target[className=net/minecraft/world/entity/EntityType, elementName=, elementDescriptor=, targetType=cpw.mods.modlauncher.api.TargetType@1b0a7baf], Target[className=net/minecraft/world/entity/monster/Strider, elementName=, elementDescriptor=, targetType=cpw.mods.modlauncher.api.TargetType@1b0a7baf], Target[className=net/minecraft/world/level/NaturalSpawner, elementName=, elementDescriptor=, targetType=cpw.mods.modlauncher.api.TargetType@1b0a7baf], Target[className=net/minecraft/world/entity/animal/horse/SkeletonTrapGoal, elementName=, elementDescriptor=, targetType=cpw.mods.modlauncher.api.TargetType@1b0a7baf], Target[className=net/minecraft/world/level/levelgen/structure/structures/WoodlandMansionPieces$WoodlandMansionPiece, elementName=, elementDescriptor=, targetType=cpw.mods.modlauncher.api.TargetType@1b0a7baf], Target[className=net/minecraft/world/entity/raid/Raid, elementName=, elementDescriptor=, targetType=cpw.mods.modlauncher.api.TargetType@1b0a7baf]] transformer from core-mod net.neoforged.neoforge.coremods.NeoForgeCoreMod@3c0bbc9f in neoforge-21.1.228.jar > net.neoforged.neoforge-coremods-21.1.228.jar
[17mai.2026 19:30:00.842] [main/DEBUG] [cpw.mods.modlauncher.TransformStore/MODLAUNCHER]: Adding transformer net.neoforged.neoforge.coremods.ReplaceFieldWithGetterAccess@760245e1 to Target : cpw.mods.modlauncher.api.TargetType@1b0a7baf {Lnet/minecraft/world/level/biome/Biome;} {} {V}
[17mai.2026 19:30:00.846] [main/DEBUG] [cpw.mods.modlauncher.TransformStore/MODLAUNCHER]: Adding transformer net.neoforged.neoforge.coremods.ReplaceFieldWithGetterAccess@4eb1c69 to Target : cpw.mods.modlauncher.api.TargetType@1b0a7baf {Lnet/minecraft/world/level/levelgen/structure/Structure;} {} {V}
[17mai.2026 19:30:00.847] [main/DEBUG] [cpw.mods.modlauncher.TransformStore/MODLAUNCHER]: Adding transformer net.neoforged.neoforge.coremods.ReplaceFieldWithGetterAccess@73d3e555 to Target : cpw.mods.modlauncher.api.TargetType@1b0a7baf {Lnet/minecraft/world/level/block/FlowerPotBlock;} {} {V}
[17mai.2026 19:30:00.847] [main/DEBUG] [cpw.mods.modlauncher.TransformStore/MODLAUNCHER]: Adding transformer net.neoforged.neoforge.coremods.MethodRedirector@2b037cfc to Target : cpw.mods.modlauncher.api.TargetType@1b0a7baf {Lnet/minecraft/server/commands/RaidCommand;} {} {V}
[17mai.2026 19:30:00.849] [main/DEBUG] [cpw.mods.modlauncher.TransformStore/MODLAUNCHER]: Adding transformer net.neoforged.neoforge.coremods.MethodRedirector@2b037cfc to Target : cpw.mods.modlauncher.api.TargetType@1b0a7baf {Lnet/minecraft/world/entity/monster/ZombieVillager;} {} {V}
[17mai.2026 19:30:00.849] [main/DEBUG] [cpw.mods.modlauncher.TransformStore/MODLAUNCHER]: Adding transformer net.neoforged.neoforge.coremods.MethodRedirector@2b037cfc to Target : cpw.mods.modlauncher.api.TargetType@1b0a7baf {Lnet/minecraft/world/level/levelgen/PatrolSpawner;} {} {V}
[17mai.2026 19:30:00.849] [main/DEBUG] [cpw.mods.modlauncher.TransformStore/MODLAUNCHER]: Adding transformer net.neoforged.neoforge.coremods.MethodRedirector@2b037cfc to Target : cpw.mods.modlauncher.api.TargetType@1b0a7baf {Lnet/minecraft/world/level/levelgen/structure/structures/OceanMonumentPieces$OceanMonumentPiece;} {} {V}
[17mai.2026 19:30:00.849] [main/DEBUG] [cpw.mods.modlauncher.TransformStore/MODLAUNCHER]: Adding transformer net.neoforged.neoforge.coremods.MethodRedirector@2b037cfc to Target : cpw.mods.modlauncher.api.TargetType@1b0a7baf {Lnet/minecraft/world/entity/monster/Evoker$EvokerSummonSpellGoal;} {} {V}
[17mai.2026 19:30:00.856] [main/DEBUG] [cpw.mods.modlauncher.TransformStore/MODLAUNCHER]: Adding transformer net.neoforged.neoforge.coremods.MethodRedirector@2b037cfc to Target : cpw.mods.modlauncher.api.TargetType@1b0a7baf {Lnet/minecraft/world/entity/ai/village/VillageSiege;} {} {V}
[17mai.2026 19:30:00.858] [main/DEBUG] [cpw.mods.modlauncher.TransformStore/MODLAUNCHER]: Adding transformer net.neoforged.neoforge.coremods.MethodRedirector@2b037cfc to Target : cpw.mods.modlauncher.api.TargetType@1b0a7baf {Lnet/minecraft/world/entity/animal/frog/Tadpole;} {} {V}
[17mai.2026 19:30:00.858] [main/DEBUG] [cpw.mods.modlauncher.TransformStore/MODLAUNCHER]: Adding transformer net.neoforged.neoforge.coremods.MethodRedirector@2b037cfc to Target : cpw.mods.modlauncher.api.TargetType@1b0a7baf {Lnet/minecraft/world/level/levelgen/structure/templatesystem/StructureTemplate;} {} {V}
[17mai.2026 19:30:00.858] [main/DEBUG] [cpw.mods.modlauncher.TransformStore/MODLAUNCHER]: Adding transformer net.neoforged.neoforge.coremods.MethodRedirector@2b037cfc to Target : cpw.mods.modlauncher.api.TargetType@1b0a7baf {Lnet/minecraft/world/entity/npc/Villager;} {} {V}
[17mai.2026 19:30:00.862] [main/DEBUG] [cpw.mods.modlauncher.TransformStore/MODLAUNCHER]: Adding transformer net.neoforged.neoforge.coremods.MethodRedirector@2b037cfc to Target : cpw.mods.modlauncher.api.TargetType@1b0a7baf {Lnet/minecraft/world/level/levelgen/structure/structures/OceanRuinPieces$OceanRuinPiece;} {} {V}
[17mai.2026 19:30:00.864] [main/DEBUG] [cpw.mods.modlauncher.TransformStore/MODLAUNCHER]: Adding transformer net.neoforged.neoforge.coremods.MethodRedirector@2b037cfc to Target : cpw.mods.modlauncher.api.TargetType@1b0a7baf {Lnet/minecraft/world/level/levelgen/structure/structures/SwampHutPiece;} {} {V}
[17mai.2026 19:30:00.864] [main/DEBUG] [cpw.mods.modlauncher.TransformStore/MODLAUNCHER]: Adding transformer net.neoforged.neoforge.coremods.MethodRedirector@2b037cfc to Target : cpw.mods.modlauncher.api.TargetType@1b0a7baf {Lnet/minecraft/world/entity/monster/Zombie;} {} {V}
[17mai.2026 19:30:00.864] [main/DEBUG] [cpw.mods.modlauncher.TransformStore/MODLAUNCHER]: Adding transformer net.neoforged.neoforge.coremods.MethodRedirector@2b037cfc to Target : cpw.mods.modlauncher.api.TargetType@1b0a7baf {Lnet/minecraft/world/entity/monster/Spider;} {} {V}
[17mai.2026 19:30:00.866] [main/DEBUG] [cpw.mods.modlauncher.TransformStore/MODLAUNCHER]: Adding transformer net.neoforged.neoforge.coremods.MethodRedirector@2b037cfc to Target : cpw.mods.modlauncher.api.TargetType@1b0a7baf {Lnet/minecraft/world/entity/npc/CatSpawner;} {} {V}
[17mai.2026 19:30:00.866] [main/DEBUG] [cpw.mods.modlauncher.TransformStore/MODLAUNCHER]: Adding transformer net.neoforged.neoforge.coremods.MethodRedirector@2b037cfc to Target : cpw.mods.modlauncher.api.TargetType@1b0a7baf {Lnet/minecraft/world/level/levelgen/PhantomSpawner;} {} {V}
[17mai.2026 19:30:00.866] [main/DEBUG] [cpw.mods.modlauncher.TransformStore/MODLAUNCHER]: Adding transformer net.neoforged.neoforge.coremods.MethodRedirector@2b037cfc to Target : cpw.mods.modlauncher.api.TargetType@1b0a7baf {Lnet/minecraft/server/commands/SummonCommand;} {} {V}
[17mai.2026 19:30:00.866] [main/DEBUG] [cpw.mods.modlauncher.TransformStore/MODLAUNCHER]: Adding transformer net.neoforged.neoforge.coremods.MethodRedirector@2b037cfc to Target : cpw.mods.modlauncher.api.TargetType@1b0a7baf {Lnet/minecraft/world/entity/EntityType;} {} {V}
[17mai.2026 19:30:00.866] [main/DEBUG] [cpw.mods.modlauncher.TransformStore/MODLAUNCHER]: Adding transformer net.neoforged.neoforge.coremods.MethodRedirector@2b037cfc to Target : cpw.mods.modlauncher.api.TargetType@1b0a7baf {Lnet/minecraft/world/entity/monster/Strider;} {} {V}
[17mai.2026 19:30:00.866] [main/DEBUG] [cpw.mods.modlauncher.TransformStore/MODLAUNCHER]: Adding transformer net.neoforged.neoforge.coremods.MethodRedirector@2b037cfc to Target : cpw.mods.modlauncher.api.TargetType@1b0a7baf {Lnet/minecraft/world/level/NaturalSpawner;} {} {V}
[17mai.2026 19:30:00.868] [main/DEBUG] [cpw.mods.modlauncher.TransformStore/MODLAUNCHER]: Adding transformer net.neoforged.neoforge.coremods.MethodRedirector@2b037cfc to Target : cpw.mods.modlauncher.api.TargetType@1b0a7baf {Lnet/minecraft/world/entity/animal/horse/SkeletonTrapGoal;} {} {V}
[17mai.2026 19:30:00.873] [main/DEBUG] [cpw.mods.modlauncher.TransformStore/MODLAUNCHER]: Adding transformer net.neoforged.neoforge.coremods.MethodRedirector@2b037cfc to Target : cpw.mods.modlauncher.api.TargetType@1b0a7baf {Lnet/minecraft/world/level/levelgen/structure/structures/WoodlandMansionPieces$WoodlandMansionPiece;} {} {V}
[17mai.2026 19:30:00.875] [main/DEBUG] [cpw.mods.modlauncher.TransformStore/MODLAUNCHER]: Adding transformer net.neoforged.neoforge.coremods.MethodRedirector@2b037cfc to Target : cpw.mods.modlauncher.api.TargetType@1b0a7baf {Lnet/minecraft/world/entity/raid/Raid;} {} {V}
[17mai.2026 19:30:00.875] [main/DEBUG] [cpw.mods.modlauncher.TransformationServiceDecorator/MODLAUNCHER]: Initialized transformers for transformation service fml
[17mai.2026 19:30:02.178] [main/DEBUG] [mixin/]: Processing prepare() for PlatformAgent[MixinPlatformAgentDefault:ModLauncher Root Container(ModLauncher:4f56a0a2)]
[17mai.2026 19:30:02.180] [main/DEBUG] [mixin/]: Processing prepare() for PlatformAgent[MixinPlatformAgentDefault:net.neoforged.fml.loading.mixin.FMLMixinContainerHandle@a18649a]
[17mai.2026 19:30:02.180] [main/DEBUG] [mixin/]: Processing prepare() for PlatformAgent[FMLMixinPlatformAgent:null]
[17mai.2026 19:30:02.271] [main/DEBUG] [mixin/]: Compatibility level JAVA_17 specified by geckolib.mixins.json is higher than the maximum level supported by this version of mixin (JAVA_13).
[17mai.2026 19:30:02.281] [main/INFO] [mixin/]: Compatibility level set to JAVA_17
[17mai.2026 19:30:02.285] [main/DEBUG] [mixin/]: Compatibility level JAVA_11 specified by guideme.optional.mixins.json is lower than the default level supported by the current mixin service (JAVA_16).
[17mai.2026 19:30:02.288] [main/DEBUG] [mixin/]: Compatibility level JAVA_11 specified by ae2.mixins.json is lower than the default level supported by the current mixin service (JAVA_16).
[17mai.2026 19:30:02.290] [main/DEBUG] [mixin/]: Compatibility level JAVA_21 specified by mixins.aae.json is higher than the maximum level supported by this version of mixin (JAVA_13).
[17mai.2026 19:30:02.290] [main/INFO] [mixin/]: Compatibility level set to JAVA_21
[17mai.2026 19:30:02.290] [main/DEBUG] [mixin/]: Processing launch tasks for PlatformAgent[MixinPlatformAgentDefault:ModLauncher Root Container(ModLauncher:4f56a0a2)]
[17mai.2026 19:30:02.290] [main/DEBUG] [mixin/]: Adding mixin platform agents for container SecureJarResource(mixin_synthetic)
[17mai.2026 19:30:02.290] [main/DEBUG] [mixin/]: Instancing new MixinPlatformAgentMinecraftForge for SecureJarResource(mixin_synthetic)
[17mai.2026 19:30:02.290] [main/DEBUG] [mixin/]: MixinPlatformAgentMinecraftForge rejected container SecureJarResource(mixin_synthetic)
[17mai.2026 19:30:02.290] [main/DEBUG] [mixin/]: Instancing new MixinPlatformAgentDefault for SecureJarResource(mixin_synthetic)
[17mai.2026 19:30:02.290] [main/DEBUG] [mixin/]: MixinPlatformAgentDefault accepted container SecureJarResource(mixin_synthetic)
[17mai.2026 19:30:02.290] [main/DEBUG] [mixin/]: Instancing new FMLMixinPlatformAgent for SecureJarResource(mixin_synthetic)
[17mai.2026 19:30:02.290] [main/DEBUG] [mixin/]: FMLMixinPlatformAgent rejected container SecureJarResource(mixin_synthetic)
[17mai.2026 19:30:02.290] [main/DEBUG] [mixin/]: Processing prepare() for PlatformAgent[MixinPlatformAgentDefault:SecureJarResource(mixin_synthetic)]
[17mai.2026 19:30:02.290] [main/DEBUG] [mixin/]: Adding mixin platform agents for container SecureJarResource(minecraft)
[17mai.2026 19:30:02.290] [main/DEBUG] [mixin/]: Instancing new MixinPlatformAgentMinecraftForge for SecureJarResource(minecraft)
[17mai.2026 19:30:02.290] [main/DEBUG] [mixin/]: MixinPlatformAgentMinecraftForge rejected container SecureJarResource(minecraft)
[17mai.2026 19:30:02.290] [main/DEBUG] [mixin/]: Instancing new MixinPlatformAgentDefault for SecureJarResource(minecraft)
[17mai.2026 19:30:02.295] [main/DEBUG] [mixin/]: MixinPlatformAgentDefault accepted container SecureJarResource(minecraft)
[17mai.2026 19:30:02.295] [main/DEBUG] [mixin/]: Instancing new FMLMixinPlatformAgent for SecureJarResource(minecraft)
[17mai.2026 19:30:02.295] [main/DEBUG] [mixin/]: FMLMixinPlatformAgent rejected container SecureJarResource(minecraft)
[17mai.2026 19:30:02.295] [main/DEBUG] [mixin/]: Processing prepare() for PlatformAgent[MixinPlatformAgentDefault:SecureJarResource(minecraft)]
[17mai.2026 19:30:02.295] [main/DEBUG] [mixin/]: Adding mixin platform agents for container SecureJarResource(mekanism)
[17mai.2026 19:30:02.295] [main/DEBUG] [mixin/]: Instancing new MixinPlatformAgentMinecraftForge for SecureJarResource(mekanism)
[17mai.2026 19:30:02.295] [main/DEBUG] [mixin/]: MixinPlatformAgentMinecraftForge rejected container SecureJarResource(mekanism)
[17mai.2026 19:30:02.295] [main/DEBUG] [mixin/]: Instancing new MixinPlatformAgentDefault for SecureJarResource(mekanism)
[17mai.2026 19:30:02.295] [main/DEBUG] [mixin/]: MixinPlatformAgentDefault accepted container SecureJarResource(mekanism)
[17mai.2026 19:30:02.295] [main/DEBUG] [mixin/]: Instancing new FMLMixinPlatformAgent for SecureJarResource(mekanism)
[17mai.2026 19:30:02.295] [main/DEBUG] [mixin/]: FMLMixinPlatformAgent rejected container SecureJarResource(mekanism)
[17mai.2026 19:30:02.295] [main/DEBUG] [mixin/]: Processing prepare() for PlatformAgent[MixinPlatformAgentDefault:SecureJarResource(mekanism)]
[17mai.2026 19:30:02.295] [main/DEBUG] [mixin/]: Adding mixin platform agents for container SecureJarResource(geckolib)
[17mai.2026 19:30:02.295] [main/DEBUG] [mixin/]: Instancing new MixinPlatformAgentMinecraftForge for SecureJarResource(geckolib)
[17mai.2026 19:30:02.295] [main/DEBUG] [mixin/]: MixinPlatformAgentMinecraftForge rejected container SecureJarResource(geckolib)
[17mai.2026 19:30:02.295] [main/DEBUG] [mixin/]: Instancing new MixinPlatformAgentDefault for SecureJarResource(geckolib)
[17mai.2026 19:30:02.295] [main/DEBUG] [mixin/]: MixinPlatformAgentDefault accepted container SecureJarResource(geckolib)
[17mai.2026 19:30:02.299] [main/DEBUG] [mixin/]: Instancing new FMLMixinPlatformAgent for SecureJarResource(geckolib)
[17mai.2026 19:30:02.299] [main/DEBUG] [mixin/]: FMLMixinPlatformAgent rejected container SecureJarResource(geckolib)
[17mai.2026 19:30:02.299] [main/DEBUG] [mixin/]: Processing prepare() for PlatformAgent[MixinPlatformAgentDefault:SecureJarResource(geckolib)]
[17mai.2026 19:30:02.299] [main/DEBUG] [mixin/]: Registering mixin config: geckolib.mixins.json source=SecureJarResource(geckolib)
[17mai.2026 19:30:02.299] [main/DEBUG] [mixin/]: Adding mixin platform agents for container SecureJarResource(guideme)
[17mai.2026 19:30:02.299] [main/DEBUG] [mixin/]: Instancing new MixinPlatformAgentMinecraftForge for SecureJarResource(guideme)
[17mai.2026 19:30:02.299] [main/DEBUG] [mixin/]: MixinPlatformAgentMinecraftForge rejected container SecureJarResource(guideme)
[17mai.2026 19:30:02.301] [main/DEBUG] [mixin/]: Instancing new MixinPlatformAgentDefault for SecureJarResource(guideme)
[17mai.2026 19:30:02.301] [main/DEBUG] [mixin/]: MixinPlatformAgentDefault accepted container SecureJarResource(guideme)
[17mai.2026 19:30:02.301] [main/DEBUG] [mixin/]: Instancing new FMLMixinPlatformAgent for SecureJarResource(guideme)
[17mai.2026 19:30:02.301] [main/DEBUG] [mixin/]: FMLMixinPlatformAgent rejected container SecureJarResource(guideme)
[17mai.2026 19:30:02.301] [main/DEBUG] [mixin/]: Processing prepare() for PlatformAgent[MixinPlatformAgentDefault:SecureJarResource(guideme)]
[17mai.2026 19:30:02.301] [main/DEBUG] [mixin/]: Adding mixin platform agents for container SecureJarResource(legendarynetherstarfurnace)
[17mai.2026 19:30:02.301] [main/DEBUG] [mixin/]: Instancing new MixinPlatformAgentMinecraftForge for SecureJarResource(legendarynetherstarfurnace)
[17mai.2026 19:30:02.301] [main/DEBUG] [mixin/]: MixinPlatformAgentMinecraftForge rejected container SecureJarResource(legendarynetherstarfurnace)
[17mai.2026 19:30:02.301] [main/DEBUG] [mixin/]: Instancing new MixinPlatformAgentDefault for SecureJarResource(legendarynetherstarfurnace)
[17mai.2026 19:30:02.303] [main/DEBUG] [mixin/]: MixinPlatformAgentDefault accepted container SecureJarResource(legendarynetherstarfurnace)
[17mai.2026 19:30:02.303] [main/DEBUG] [mixin/]: Instancing new FMLMixinPlatformAgent for SecureJarResource(legendarynetherstarfurnace)
[17mai.2026 19:30:02.303] [main/DEBUG] [mixin/]: FMLMixinPlatformAgent rejected container SecureJarResource(legendarynetherstarfurnace)
[17mai.2026 19:30:02.303] [main/DEBUG] [mixin/]: Processing prepare() for PlatformAgent[MixinPlatformAgentDefault:SecureJarResource(legendarynetherstarfurnace)]
[17mai.2026 19:30:02.304] [main/DEBUG] [mixin/]: Adding mixin platform agents for container SecureJarResource(ae2)
[17mai.2026 19:30:02.304] [main/DEBUG] [mixin/]: Instancing new MixinPlatformAgentMinecraftForge for SecureJarResource(ae2)
[17mai.2026 19:30:02.304] [main/DEBUG] [mixin/]: MixinPlatformAgentMinecraftForge rejected container SecureJarResource(ae2)
[17mai.2026 19:30:02.304] [main/DEBUG] [mixin/]: Instancing new MixinPlatformAgentDefault for SecureJarResource(ae2)
[17mai.2026 19:30:02.304] [main/DEBUG] [mixin/]: MixinPlatformAgentDefault accepted container SecureJarResource(ae2)
[17mai.2026 19:30:02.304] [main/DEBUG] [mixin/]: Instancing new FMLMixinPlatformAgent for SecureJarResource(ae2)
[17mai.2026 19:30:02.304] [main/DEBUG] [mixin/]: FMLMixinPlatformAgent rejected container SecureJarResource(ae2)
[17mai.2026 19:30:02.304] [main/DEBUG] [mixin/]: Processing prepare() for PlatformAgent[MixinPlatformAgentDefault:SecureJarResource(ae2)]
[17mai.2026 19:30:02.304] [main/DEBUG] [mixin/]: Adding mixin platform agents for container SecureJarResource(ae2addonlib)
[17mai.2026 19:30:02.304] [main/DEBUG] [mixin/]: Instancing new MixinPlatformAgentMinecraftForge for SecureJarResource(ae2addonlib)
[17mai.2026 19:30:02.305] [main/DEBUG] [mixin/]: MixinPlatformAgentMinecraftForge rejected container SecureJarResource(ae2addonlib)
[17mai.2026 19:30:02.305] [main/DEBUG] [mixin/]: Instancing new MixinPlatformAgentDefault for SecureJarResource(ae2addonlib)
[17mai.2026 19:30:02.305] [main/DEBUG] [mixin/]: MixinPlatformAgentDefault accepted container SecureJarResource(ae2addonlib)
[17mai.2026 19:30:02.305] [main/DEBUG] [mixin/]: Instancing new FMLMixinPlatformAgent for SecureJarResource(ae2addonlib)
[17mai.2026 19:30:02.305] [main/DEBUG] [mixin/]: FMLMixinPlatformAgent rejected container SecureJarResource(ae2addonlib)
[17mai.2026 19:30:02.305] [main/DEBUG] [mixin/]: Processing prepare() for PlatformAgent[MixinPlatformAgentDefault:SecureJarResource(ae2addonlib)]
[17mai.2026 19:30:02.305] [main/DEBUG] [mixin/]: Adding mixin platform agents for container SecureJarResource(advanced_ae)
[17mai.2026 19:30:02.305] [main/DEBUG] [mixin/]: Instancing new MixinPlatformAgentMinecraftForge for SecureJarResource(advanced_ae)
[17mai.2026 19:30:02.305] [main/DEBUG] [mixin/]: MixinPlatformAgentMinecraftForge rejected container SecureJarResource(advanced_ae)
[17mai.2026 19:30:02.305] [main/DEBUG] [mixin/]: Instancing new MixinPlatformAgentDefault for SecureJarResource(advanced_ae)
[17mai.2026 19:30:02.305] [main/DEBUG] [mixin/]: MixinPlatformAgentDefault accepted container SecureJarResource(advanced_ae)
[17mai.2026 19:30:02.305] [main/DEBUG] [mixin/]: Instancing new FMLMixinPlatformAgent for SecureJarResource(advanced_ae)
[17mai.2026 19:30:02.305] [main/DEBUG] [mixin/]: FMLMixinPlatformAgent rejected container SecureJarResource(advanced_ae)
[17mai.2026 19:30:02.305] [main/DEBUG] [mixin/]: Processing prepare() for PlatformAgent[MixinPlatformAgentDefault:SecureJarResource(advanced_ae)]
[17mai.2026 19:30:02.305] [main/DEBUG] [mixin/]: Adding mixin platform agents for container SecureJarResource(ae2wtlib_api)
[17mai.2026 19:30:02.305] [main/DEBUG] [mixin/]: Instancing new MixinPlatformAgentMinecraftForge for SecureJarResource(ae2wtlib_api)
[17mai.2026 19:30:02.305] [main/DEBUG] [mixin/]: MixinPlatformAgentMinecraftForge rejected container SecureJarResource(ae2wtlib_api)
[17mai.2026 19:30:02.305] [main/DEBUG] [mixin/]: Instancing new MixinPlatformAgentDefault for SecureJarResource(ae2wtlib_api)
[17mai.2026 19:30:02.305] [main/DEBUG] [mixin/]: MixinPlatformAgentDefault accepted container SecureJarResource(ae2wtlib_api)
[17mai.2026 19:30:02.305] [main/DEBUG] [mixin/]: Instancing new FMLMixinPlatformAgent for SecureJarResource(ae2wtlib_api)
[17mai.2026 19:30:02.305] [main/DEBUG] [mixin/]: FMLMixinPlatformAgent rejected container SecureJarResource(ae2wtlib_api)
[17mai.2026 19:30:02.305] [main/DEBUG] [mixin/]: Processing prepare() for PlatformAgent[MixinPlatformAgentDefault:SecureJarResource(ae2wtlib_api)]
[17mai.2026 19:30:02.305] [main/DEBUG] [mixin/]: Adding mixin platform agents for container SecureJarResource(mixinextras.neoforge)
[17mai.2026 19:30:02.305] [main/DEBUG] [mixin/]: Instancing new MixinPlatformAgentMinecraftForge for SecureJarResource(mixinextras.neoforge)
[17mai.2026 19:30:02.305] [main/DEBUG] [mixin/]: MixinPlatformAgentMinecraftForge rejected container SecureJarResource(mixinextras.neoforge)
[17mai.2026 19:30:02.305] [main/DEBUG] [mixin/]: Instancing new MixinPlatformAgentDefault for SecureJarResource(mixinextras.neoforge)
[17mai.2026 19:30:02.305] [main/DEBUG] [mixin/]: MixinPlatformAgentDefault accepted container SecureJarResource(mixinextras.neoforge)
[17mai.2026 19:30:02.305] [main/DEBUG] [mixin/]: Instancing new FMLMixinPlatformAgent for SecureJarResource(mixinextras.neoforge)
[17mai.2026 19:30:02.305] [main/DEBUG] [mixin/]: FMLMixinPlatformAgent rejected container SecureJarResource(mixinextras.neoforge)
[17mai.2026 19:30:02.305] [main/DEBUG] [mixin/]: Processing prepare() for PlatformAgent[MixinPlatformAgentDefault:SecureJarResource(mixinextras.neoforge)]
[17mai.2026 19:30:02.305] [main/DEBUG] [mixin/]: Registering mixin config: mixinextras.init.mixins.json source=SecureJarResource(mixinextras.neoforge)
[17mai.2026 19:30:02.305] [main/DEBUG] [mixin/]: inject() running with 13 agents
[17mai.2026 19:30:02.305] [main/DEBUG] [mixin/]: Processing inject() for PlatformAgent[MixinPlatformAgentDefault:ModLauncher Root Container(ModLauncher:4f56a0a2)]
[17mai.2026 19:30:02.305] [main/DEBUG] [mixin/]: Processing inject() for PlatformAgent[MixinPlatformAgentDefault:net.neoforged.fml.loading.mixin.FMLMixinContainerHandle@a18649a]
[17mai.2026 19:30:02.305] [main/DEBUG] [mixin/]: Processing inject() for PlatformAgent[FMLMixinPlatformAgent:null]
[17mai.2026 19:30:02.305] [main/DEBUG] [mixin/]: Processing inject() for PlatformAgent[MixinPlatformAgentDefault:SecureJarResource(mixin_synthetic)]
[17mai.2026 19:30:02.305] [main/DEBUG] [mixin/]: Processing inject() for PlatformAgent[MixinPlatformAgentDefault:SecureJarResource(minecraft)]
[17mai.2026 19:30:02.305] [main/DEBUG] [mixin/]: Processing inject() for PlatformAgent[MixinPlatformAgentDefault:SecureJarResource(mekanism)]
[17mai.2026 19:30:02.305] [main/DEBUG] [mixin/]: Processing inject() for PlatformAgent[MixinPlatformAgentDefault:SecureJarResource(geckolib)]
[17mai.2026 19:30:02.305] [main/DEBUG] [mixin/]: Processing inject() for PlatformAgent[MixinPlatformAgentDefault:SecureJarResource(guideme)]
[17mai.2026 19:30:02.305] [main/DEBUG] [mixin/]: Processing inject() for PlatformAgent[MixinPlatformAgentDefault:SecureJarResource(legendarynetherstarfurnace)]
[17mai.2026 19:30:02.305] [main/DEBUG] [mixin/]: Processing inject() for PlatformAgent[MixinPlatformAgentDefault:SecureJarResource(ae2)]
[17mai.2026 19:30:02.305] [main/DEBUG] [mixin/]: Processing inject() for PlatformAgent[MixinPlatformAgentDefault:SecureJarResource(ae2addonlib)]
[17mai.2026 19:30:02.305] [main/DEBUG] [mixin/]: Processing inject() for PlatformAgent[MixinPlatformAgentDefault:SecureJarResource(advanced_ae)]
[17mai.2026 19:30:02.305] [main/DEBUG] [mixin/]: Processing inject() for PlatformAgent[MixinPlatformAgentDefault:SecureJarResource(ae2wtlib_api)]
[17mai.2026 19:30:02.305] [main/DEBUG] [mixin/]: Processing inject() for PlatformAgent[MixinPlatformAgentDefault:SecureJarResource(mixinextras.neoforge)]
[17mai.2026 19:30:02.305] [main/INFO] [cpw.mods.modlauncher.LaunchServiceHandler/MODLAUNCHER]: Launching target 'forgeclientdev' with arguments [--version, 21.1.228, --gameDir, ., --assetsDir, C:\Users\gabri\.gradle\caches\neoformruntime\assets, --assetIndex, 17]
[17mai.2026 19:30:02.405] [main/DEBUG] [mixin/]: Preparing mixins for MixinEnvironment[DEFAULT]
[17mai.2026 19:30:02.409] [main/DEBUG] [mixin/]: Selecting config geckolib.mixins.json
[17mai.2026 19:30:02.417] [main/WARN] [mixin/]: Reference map 'geckolib.refmap.json' for geckolib.mixins.json could not be read. If this is a development environment you can ignore this message
[17mai.2026 19:30:02.417] [main/DEBUG] [mixin/]: Selecting config guideme.optional.mixins.json
[17mai.2026 19:30:02.417] [main/DEBUG] [mixin/]: Selecting config neoforge.mixins.json
[17mai.2026 19:30:02.417] [main/DEBUG] [mixin/]: Selecting config ae2.mixins.json
[17mai.2026 19:30:02.429] [main/DEBUG] [mixin/]: Selecting config mixins.aae.json
[17mai.2026 19:30:02.445] [main/WARN] [mixin/]: Reference map 'mixins.aae.refmap.json' for mixins.aae.json could not be read. If this is a development environment you can ignore this message
[17mai.2026 19:30:02.445] [main/DEBUG] [mixin/]: Selecting config mixinextras.init.mixins.json
[17mai.2026 19:30:02.535] [main/DEBUG] [MixinExtras|Service/]: com.llamalad7.mixinextras.service.MixinExtrasServiceImpl(version=0.5.3) is taking over from null
[17mai.2026 19:30:02.595] [main/DEBUG] [mixin/]: Registering new injector for @Inject with org.spongepowered.asm.mixin.injection.struct.CallbackInjectionInfo
[17mai.2026 19:30:02.595] [main/DEBUG] [mixin/]: Registering new injector for @ModifyArg with org.spongepowered.asm.mixin.injection.struct.ModifyArgInjectionInfo
[17mai.2026 19:30:02.600] [main/DEBUG] [mixin/]: Registering new injector for @ModifyArgs with org.spongepowered.asm.mixin.injection.struct.ModifyArgsInjectionInfo
[17mai.2026 19:30:02.604] [main/DEBUG] [mixin/]: Registering new injector for @Redirect with org.spongepowered.asm.mixin.injection.struct.RedirectInjectionInfo
[17mai.2026 19:30:02.605] [main/DEBUG] [mixin/]: Registering new injector for @ModifyVariable with org.spongepowered.asm.mixin.injection.struct.ModifyVariableInjectionInfo
[17mai.2026 19:30:02.607] [main/DEBUG] [mixin/]: Registering new injector for @ModifyConstant with org.spongepowered.asm.mixin.injection.struct.ModifyConstantInjectionInfo
[17mai.2026 19:30:02.625] [main/DEBUG] [mixin/]: Preparing geckolib.mixins.json (7)
[17mai.2026 19:30:02.849] [main/DEBUG] [mixin/]: Preparing guideme.optional.mixins.json (1)
[17mai.2026 19:30:02.854] [main/DEBUG] [mixin/]: @Mixin target guideme.internal.shaded.lucene.internal.vectorization.VectorizationProvider is public in guideme.optional.mixins.json:LuceneVectorizationMixin from mod guideme and should be specified in value
[17mai.2026 19:30:02.855] [main/DEBUG] [mixin/]: Preparing neoforge.mixins.json (2)
[17mai.2026 19:30:02.869] [main/DEBUG] [mixin/]: Preparing ae2.mixins.json (16)
[17mai.2026 19:30:03.016] [main/DEBUG] [mixin/]: Preparing mixins.aae.json (16)
[17mai.2026 19:30:03.029] [main/WARN] [mixin/]: Error loading class: com/glodblock/github/extendedae/container/ContainerPatternModifier (java.lang.ClassNotFoundException: com.glodblock.github.extendedae.container.ContainerPatternModifier)
[17mai.2026 19:30:03.029] [main/WARN] [mixin/]: @Mixin target com.glodblock.github.extendedae.container.ContainerPatternModifier was not found mixins.aae.json:MixinContainerPatternModifier from mod advanced_ae
[17mai.2026 19:30:03.048] [main/DEBUG] [mixin/]: Preparing mixinextras.init.mixins.json (0)
[17mai.2026 19:30:03.132] [main/DEBUG] [mixin/]: Prepared 35 mixins in 0,713 sec (20,4ms avg) (0ms load, 0ms transform, 0ms plugin)
[17mai.2026 19:30:03.154] [main/INFO] [MixinExtras|Service/]: Initializing MixinExtras via com.llamalad7.mixinextras.service.MixinExtrasServiceImpl(version=0.5.3).
[17mai.2026 19:30:03.155] [main/DEBUG] [mixin/]: Registering new injector for @SugarWrapper with com.llamalad7.mixinextras.sugar.impl.SugarWrapperInjectionInfo
[17mai.2026 19:30:03.155] [main/DEBUG] [mixin/]: Registering new injector for @FactoryRedirectWrapper with com.llamalad7.mixinextras.wrapper.factory.FactoryRedirectWrapperInjectionInfo
[17mai.2026 19:30:03.155] [main/DEBUG] [mixin/]: Registering new injector for @ExpressionInjectorWrapper with com.llamalad7.mixinextras.expression.impl.wrapper.ExpressionInjectorWrapperInjectionInfo
[17mai.2026 19:30:03.191] [main/DEBUG] [mixin/]: Mixing GuiGraphicsMixin from ae2.mixins.json into net.minecraft.client.gui.GuiGraphics
[17mai.2026 19:30:03.195] [main/DEBUG] [mixin/]: ae2.mixins.json:GuiGraphicsMixin from mod ae2: Class version 65 required is higher than the class version supported by the current version of Mixin (JAVA_11 supports class version 55)
[17mai.2026 19:30:03.275] [main/DEBUG] [mixin/]: ae2.mixins.json:GuiGraphicsMixin from mod ae2->@Inject::renderGuiItem(Lnet/minecraft/world/entity/LivingEntity;Lnet/minecraft/world/level/Level;Lnet/minecraft/world/item/ItemStack;IIIILorg/spongepowered/asm/mixin/injection/callback/CallbackInfo;)V does use it's CallbackInfo
[17mai.2026 19:30:03.295] [main/DEBUG] [mixin/]: Mixing PickColorMixin from ae2.mixins.json into net.minecraft.client.Minecraft
[17mai.2026 19:30:03.300] [main/DEBUG] [mixin/]: ae2.mixins.json:PickColorMixin from mod ae2: Class version 65 required is higher than the class version supported by the current version of Mixin (JAVA_11 supports class version 55)
[17mai.2026 19:30:03.315] [main/DEBUG] [mixin/]: ae2.mixins.json:PickColorMixin from mod ae2->@Inject::pickColor(Lorg/spongepowered/asm/mixin/injection/callback/CallbackInfo;)V does use it's CallbackInfo
[17mai.2026 19:30:03.649] [main/DEBUG] [io.netty.util.internal.logging.InternalLoggerFactory/]: Using SLF4J as the default logging framework
[17mai.2026 19:30:03.652] [main/DEBUG] [io.netty.util.ResourceLeakDetector/]: -Dio.netty.leakDetection.level: simple
[17mai.2026 19:30:03.652] [main/DEBUG] [io.netty.util.ResourceLeakDetector/]: -Dio.netty.leakDetection.targetRecords: 4
[17mai.2026 19:30:05.028] [main/DEBUG] [oshi.util.FileUtil/]: No oshi.properties file found from ClassLoader cpw.mods.modlauncher.TransformingClassLoader@6a937336
[17mai.2026 19:30:05.393] [Datafixer Bootstrap/INFO] [com.mojang.datafixers.DataFixerBuilder/]: 229 Datafixer optimizations took 413 milliseconds
[17mai.2026 19:30:05.404] [main/DEBUG] [oshi.util.FileUtil/]: No oshi.architecture.properties file found from ClassLoader cpw.mods.modlauncher.TransformingClassLoader@6a937336
[17mai.2026 19:30:05.525] [pool-14-thread-1/DEBUG] [mixin/]: Mixing MappedRegistryAccessor from neoforge.mixins.json into net.minecraft.core.MappedRegistry
[17mai.2026 19:30:05.525] [pool-14-thread-1/DEBUG] [mixin/]: neoforge.mixins.json:MappedRegistryAccessor from mod neoforge: Class version 65 required is higher than the class version supported by the current version of Mixin (JAVA_17 supports class version 61)
[17mai.2026 19:30:05.726] [pool-14-thread-1/DEBUG] [mixin/]: Mixing common.LivingEntityMixin from geckolib.mixins.json into net.minecraft.world.entity.LivingEntity
[17mai.2026 19:30:05.727] [pool-14-thread-1/DEBUG] [mixin/]: geckolib.mixins.json:common.LivingEntityMixin from mod geckolib: Class version 65 required is higher than the class version supported by the current version of Mixin (JAVA_17 supports class version 61)
[17mai.2026 19:30:05.727] [pool-14-thread-1/DEBUG] [mixin/]: Mixing MixinLivingEntity from mixins.aae.json into net.minecraft.world.entity.LivingEntity
[17mai.2026 19:30:05.793] [pool-14-thread-1/DEBUG] [mixin/]: mixins.aae.json:MixinLivingEntity from mod advanced_ae->@Inject::hurtSound(Lnet/minecraft/world/damagesource/DamageSource;Lorg/spongepowered/asm/mixin/injection/callback/CallbackInfo;)V does use it's CallbackInfo
[17mai.2026 19:30:05.852] [pool-14-thread-1/DEBUG] [mixin/]: Mixing ItemEntityMixin from ae2.mixins.json into net.minecraft.world.entity.item.ItemEntity
[17mai.2026 19:30:05.852] [pool-14-thread-1/DEBUG] [mixin/]: ae2.mixins.json:ItemEntityMixin from mod ae2: Class version 65 required is higher than the class version supported by the current version of Mixin (JAVA_11 supports class version 55)
[17mai.2026 19:30:05.853] [pool-14-thread-1/DEBUG] [mixin/]: Renaming synthetic method lambda$handleEntityTransform$0(Lnet/minecraft/world/level/material/FluidState;Lappeng/recipes/transform/TransformCircumstance;)Z to md57f2a3$ae2$lambda$handleEntityTransform$0$0 in ae2.mixins.json:ItemEntityMixin from mod ae2
[17mai.2026 19:30:05.911] [pool-14-thread-1/DEBUG] [mixin/]: ae2.mixins.json:ItemEntityMixin from mod ae2->@Inject::handleExplosion(Lnet/minecraft/world/damagesource/DamageSource;FLorg/spongepowered/asm/mixin/injection/callback/CallbackInfoReturnable;)V does use it's CallbackInfoReturnable
[17mai.2026 19:30:05.911] [pool-14-thread-1/DEBUG] [mixin/]: ae2.mixins.json:ItemEntityMixin from mod ae2->@Inject::handleEntityTransform(Lorg/spongepowered/asm/mixin/injection/callback/CallbackInfo;)V doesn't use it's CallbackInfo
[17mai.2026 19:30:05.911] [pool-14-thread-1/DEBUG] [mixin/]: ae2.mixins.json:ItemEntityMixin from mod ae2->@Inject::handleEntityTransform(Lorg/spongepowered/asm/mixin/injection/callback/CallbackInfo;)V has 0 override(s) in child classes
[17mai.2026 19:30:05.911] [pool-14-thread-1/DEBUG] [mixin/]: ae2.mixins.json:ItemEntityMixin from mod ae2->@Inject::handleEntityTransform(Lorg/spongepowered/asm/mixin/injection/callback/CallbackInfo;)V won't be passed a CallbackInfo as a result
[17mai.2026 19:30:05.911] [pool-14-thread-1/DEBUG] [mixin/]: ae2.mixins.json:ItemEntityMixin from mod ae2->@Inject::handleEntityTransform(Lorg/spongepowered/asm/mixin/injection/callback/CallbackInfo;)V doesn't use it's CallbackInfo
[17mai.2026 19:30:05.911] [pool-14-thread-1/DEBUG] [mixin/]: ae2.mixins.json:ItemEntityMixin from mod ae2->@Inject::handleEntityTransform(Lorg/spongepowered/asm/mixin/injection/callback/CallbackInfo;)V has 0 override(s) in child classes
[17mai.2026 19:30:05.911] [pool-14-thread-1/DEBUG] [mixin/]: ae2.mixins.json:ItemEntityMixin from mod ae2->@Inject::handleEntityTransform(Lorg/spongepowered/asm/mixin/injection/callback/CallbackInfo;)V won't be passed a CallbackInfo as a result
[17mai.2026 19:30:06.928] [pool-14-thread-1/DEBUG] [mixin/]: Mixing BlockEntityTypeAccessor from neoforge.mixins.json into net.minecraft.world.level.block.entity.BlockEntityType
[17mai.2026 19:30:06.928] [pool-14-thread-1/DEBUG] [mixin/]: neoforge.mixins.json:BlockEntityTypeAccessor from mod neoforge: Class version 65 required is higher than the class version supported by the current version of Mixin (JAVA_17 supports class version 61)
[17mai.2026 19:30:06.990] [pool-14-thread-1/DEBUG] [mixin/]: Mixing common.AbstractContainerMenuMixin from geckolib.mixins.json into net.minecraft.world.inventory.AbstractContainerMenu
[17mai.2026 19:30:06.990] [pool-14-thread-1/DEBUG] [mixin/]: geckolib.mixins.json:common.AbstractContainerMenuMixin from mod geckolib: Class version 65 required is higher than the class version supported by the current version of Mixin (JAVA_17 supports class version 61)
[17mai.2026 19:30:07.192] [pool-14-thread-1/DEBUG] [mixin/]: Mixing common.ItemStackMixin from geckolib.mixins.json into net.minecraft.world.item.ItemStack
[17mai.2026 19:30:07.193] [pool-14-thread-1/DEBUG] [mixin/]: geckolib.mixins.json:common.ItemStackMixin from mod geckolib: Class version 65 required is higher than the class version supported by the current version of Mixin (JAVA_17 supports class version 61)
[17mai.2026 19:30:07.291] [pool-14-thread-1/DEBUG] [mixin/]: Mixing AnvilMenuMixin from ae2.mixins.json into net.minecraft.world.inventory.AnvilMenu
[17mai.2026 19:30:07.291] [pool-14-thread-1/DEBUG] [mixin/]: ae2.mixins.json:AnvilMenuMixin from mod ae2: Class version 65 required is higher than the class version supported by the current version of Mixin (JAVA_11 supports class version 55)
[17mai.2026 19:30:08.500] [pool-14-thread-1/DEBUG] [io.netty.util.internal.PlatformDependent0/]: -Dio.netty.noUnsafe: false
[17mai.2026 19:30:08.500] [pool-14-thread-1/DEBUG] [io.netty.util.internal.PlatformDependent0/]: Java version: 21
[17mai.2026 19:30:08.500] [pool-14-thread-1/DEBUG] [io.netty.util.internal.PlatformDependent0/]: sun.misc.Unsafe.theUnsafe: available
[17mai.2026 19:30:08.500] [pool-14-thread-1/DEBUG] [io.netty.util.internal.PlatformDependent0/]: sun.misc.Unsafe.copyMemory: available
[17mai.2026 19:30:08.504] [pool-14-thread-1/DEBUG] [io.netty.util.internal.PlatformDependent0/]: sun.misc.Unsafe.storeFence: available
[17mai.2026 19:30:08.504] [pool-14-thread-1/DEBUG] [io.netty.util.internal.PlatformDependent0/]: java.nio.Buffer.address: available
[17mai.2026 19:30:08.504] [pool-14-thread-1/DEBUG] [io.netty.util.internal.PlatformDependent0/]: direct buffer constructor: unavailable: Reflective setAccessible(true) disabled
[17mai.2026 19:30:08.506] [pool-14-thread-1/DEBUG] [io.netty.util.internal.PlatformDependent0/]: java.nio.Bits.unaligned: available, true
[17mai.2026 19:30:08.506] [pool-14-thread-1/DEBUG] [io.netty.util.internal.PlatformDependent0/]: jdk.internal.misc.Unsafe.allocateUninitializedArray(int): unavailable: class io.netty.util.internal.PlatformDependent0$7 (in module io.netty.common) cannot access class jdk.internal.misc.Unsafe (in module java.base) because module java.base does not export jdk.internal.misc to module io.netty.common
[17mai.2026 19:30:08.509] [pool-14-thread-1/DEBUG] [io.netty.util.internal.PlatformDependent0/]: java.nio.DirectByteBuffer.<init>(long, {int,long}): unavailable
[17mai.2026 19:30:08.509] [pool-14-thread-1/DEBUG] [io.netty.util.internal.PlatformDependent/]: sun.misc.Unsafe: available
[17mai.2026 19:30:08.509] [pool-14-thread-1/DEBUG] [io.netty.util.internal.PlatformDependent/]: maxDirectMemory: 2067791872 bytes (maybe)
[17mai.2026 19:30:08.509] [pool-14-thread-1/DEBUG] [io.netty.util.internal.PlatformDependent/]: -Dio.netty.tmpdir: C:\Users\gabri\AppData\Local\Temp (java.io.tmpdir)
[17mai.2026 19:30:08.509] [pool-14-thread-1/DEBUG] [io.netty.util.internal.PlatformDependent/]: -Dio.netty.bitMode: 64 (sun.arch.data.model)
[17mai.2026 19:30:08.509] [pool-14-thread-1/DEBUG] [io.netty.util.internal.PlatformDependent/]: Platform: Windows
[17mai.2026 19:30:08.511] [pool-14-thread-1/DEBUG] [io.netty.util.internal.PlatformDependent/]: -Dio.netty.maxDirectMemory: -1 bytes
[17mai.2026 19:30:08.511] [pool-14-thread-1/DEBUG] [io.netty.util.internal.PlatformDependent/]: -Dio.netty.uninitializedArrayAllocationThreshold: -1
[17mai.2026 19:30:08.515] [pool-14-thread-1/DEBUG] [io.netty.util.internal.CleanerJava9/]: java.nio.ByteBuffer.cleaner(): available
[17mai.2026 19:30:08.515] [pool-14-thread-1/DEBUG] [io.netty.util.internal.PlatformDependent/]: -Dio.netty.noPreferDirect: false
[17mai.2026 19:30:11.620] [main/DEBUG] [mixin/]: Mixing spatial.MinecraftServerMixin from ae2.mixins.json into net.minecraft.server.MinecraftServer
[17mai.2026 19:30:11.622] [main/DEBUG] [mixin/]: ae2.mixins.json:spatial.MinecraftServerMixin from mod ae2: Class version 65 required is higher than the class version supported by the current version of Mixin (JAVA_11 supports class version 55)
[17mai.2026 19:30:11.666] [main/DEBUG] [mixin/]: ae2.mixins.json:spatial.MinecraftServerMixin from mod ae2->@Inject::injectSpatialLevel(Lnet/minecraft/server/level/progress/ChunkProgressListener;Lorg/spongepowered/asm/mixin/injection/callback/CallbackInfo;)V doesn't use it's CallbackInfo
[17mai.2026 19:30:11.666] [main/DEBUG] [mixin/]: ae2.mixins.json:spatial.MinecraftServerMixin from mod ae2->@Inject::injectSpatialLevel(Lnet/minecraft/server/level/progress/ChunkProgressListener;Lorg/spongepowered/asm/mixin/injection/callback/CallbackInfo;)V has 0 override(s) in child classes
[17mai.2026 19:30:11.680] [main/DEBUG] [mixin/]: ae2.mixins.json:spatial.MinecraftServerMixin from mod ae2->@Inject::injectSpatialLevel(Lnet/minecraft/server/level/progress/ChunkProgressListener;Lorg/spongepowered/asm/mixin/injection/callback/CallbackInfo;)V won't be passed a CallbackInfo as a result
[17mai.2026 19:30:12.475] [main/DEBUG] [mixin/]: Mixing tests.TestCommandMixin from ae2.mixins.json into net.minecraft.gametest.framework.TestCommand
[17mai.2026 19:30:12.476] [main/DEBUG] [mixin/]: ae2.mixins.json:tests.TestCommandMixin from mod ae2: Class version 65 required is higher than the class version supported by the current version of Mixin (JAVA_11 supports class version 55)
[17mai.2026 19:30:12.483] [main/DEBUG] [mixin/]: ae2.mixins.json:tests.TestCommandMixin from mod ae2->@Inject::verifyStructureExists(Lnet/minecraft/server/level/ServerLevel;Ljava/lang/String;Lorg/spongepowered/asm/mixin/injection/callback/CallbackInfoReturnable;)V does use it's CallbackInfoReturnable
[17mai.2026 19:30:12.583] [main/WARN] [net.minecraft.commands.Commands/]: Ambiguity between arguments [teleport, location] and [teleport, destination] with inputs: [0.1 -0.5 .9, 0 0 0]
[17mai.2026 19:30:12.585] [main/WARN] [net.minecraft.commands.Commands/]: Ambiguity between arguments [teleport, location] and [teleport, targets] with inputs: [0.1 -0.5 .9, 0 0 0]
[17mai.2026 19:30:12.590] [main/WARN] [net.minecraft.commands.Commands/]: Ambiguity between arguments [teleport, destination] and [teleport, targets] with inputs: [Player, 0123, @e, dd12be42-52a9-4a91-a8a1-11c01849e498]
[17mai.2026 19:30:12.592] [main/WARN] [net.minecraft.commands.Commands/]: Ambiguity between arguments [teleport, targets] and [teleport, destination] with inputs: [Player, 0123, dd12be42-52a9-4a91-a8a1-11c01849e498]
[17mai.2026 19:30:12.594] [main/WARN] [net.minecraft.commands.Commands/]: Ambiguity between arguments [teleport, targets, location] and [teleport, targets, destination] with inputs: [0.1 -0.5 .9, 0 0 0]
[17mai.2026 19:30:12.629] [Render thread/DEBUG] [mixin/]: Mixing WrappedGenericStackTooltipModIdMixin from ae2.mixins.json into net.minecraft.client.gui.screens.Screen
[17mai.2026 19:30:12.629] [Render thread/DEBUG] [mixin/]: ae2.mixins.json:WrappedGenericStackTooltipModIdMixin from mod ae2: Class version 65 required is higher than the class version supported by the current version of Mixin (JAVA_11 supports class version 55)
[17mai.2026 19:30:12.633] [Render thread/DEBUG] [mixin/]: ae2.mixins.json:WrappedGenericStackTooltipModIdMixin from mod ae2->@Inject::getTooltipFromItem(Lnet/minecraft/client/Minecraft;Lnet/minecraft/world/item/ItemStack;Lorg/spongepowered/asm/mixin/injection/callback/CallbackInfoReturnable;)V does use it's CallbackInfoReturnable
[17mai.2026 19:30:12.666] [Render thread/DEBUG] [mixin/]: Mixing AbstractContainerScreenMixin from ae2.mixins.json into net.minecraft.client.gui.screens.inventory.AbstractContainerScreen
[17mai.2026 19:30:12.666] [Render thread/DEBUG] [mixin/]: ae2.mixins.json:AbstractContainerScreenMixin from mod ae2: Class version 65 required is higher than the class version supported by the current version of Mixin (JAVA_11 supports class version 55)
[17mai.2026 19:30:12.784] [Render thread/WARN] [net.minecraft.server.packs.VanillaPackResourcesBuilder/]: Assets URL 'union:/C:/Users/gabri/OneDrive/Documentos/Projetos/LegendaryNetherstarFurnaceMod/LegendaryNetherstarFurnaceMod/build/moddev/artifacts/neoforge-21.1.228.jar%23194!/assets/.mcassetsroot' uses unexpected schema
[17mai.2026 19:30:12.789] [Render thread/WARN] [net.minecraft.server.packs.VanillaPackResourcesBuilder/]: Assets URL 'union:/C:/Users/gabri/OneDrive/Documentos/Projetos/LegendaryNetherstarFurnaceMod/LegendaryNetherstarFurnaceMod/build/moddev/artifacts/neoforge-21.1.228.jar%23194!/data/.mcassetsroot' uses unexpected schema
[17mai.2026 19:30:12.828] [Render thread/INFO] [com.mojang.authlib.yggdrasil.YggdrasilAuthenticationService/]: Environment: Environment[sessionHost=https://sessionserver.mojang.com, servicesHost=https://api.minecraftservices.com, name=PROD]
[17mai.2026 19:30:12.844] [Render thread/INFO] [net.minecraft.client.Minecraft/]: Setting user: Dev
[17mai.2026 19:30:12.983] [Render thread/INFO] [net.minecraft.client.Minecraft/]: Backend library: LWJGL version 3.3.3+5
[17mai.2026 19:30:13.191] [Render thread/DEBUG] [net.neoforged.fml.ModWorkManager/LOADING]: Using 12 threads for parallel mod-loading
[17mai.2026 19:30:13.202] [Render thread/DEBUG] [net.neoforged.fml.javafmlmod.FMLModContainer/LOADING]: Creating FMLModContainer instance for [mekanism.common.Mekanism, mekanism.client.MekanismClient]
[17mai.2026 19:30:13.218] [Render thread/DEBUG] [net.neoforged.fml.javafmlmod.FMLModContainer/LOADING]: Creating FMLModContainer instance for [software.bernie.geckolib.GeckoLib]
[17mai.2026 19:30:13.218] [Render thread/DEBUG] [net.neoforged.fml.javafmlmod.FMLModContainer/LOADING]: Creating FMLModContainer instance for [guideme.internal.GuideME, guideme.internal.GuideMEClient]
[17mai.2026 19:30:13.218] [Render thread/DEBUG] [net.neoforged.fml.javafmlmod.FMLModContainer/LOADING]: Creating FMLModContainer instance for [net.neoforged.neoforge.common.NeoForgeMod, net.neoforged.neoforge.client.ClientNeoForgeMod]
[17mai.2026 19:30:13.225] [Render thread/DEBUG] [net.neoforged.fml.javafmlmod.FMLModContainer/LOADING]: Creating FMLModContainer instance for [com.github.legendarynetherstarfurnace.LegendaryNetherstarFurnaceMod]
[17mai.2026 19:30:13.229] [Render thread/DEBUG] [net.neoforged.fml.javafmlmod.FMLModContainer/LOADING]: Creating FMLModContainer instance for [appeng.core.AppEngClient]
[17mai.2026 19:30:13.233] [Render thread/DEBUG] [net.neoforged.fml.javafmlmod.FMLModContainer/LOADING]: Creating FMLModContainer instance for [net.pedroksl.ae2addonlib.AE2AddonLib]
[17mai.2026 19:30:13.233] [Render thread/DEBUG] [net.neoforged.fml.javafmlmod.FMLModContainer/LOADING]: Creating FMLModContainer instance for [net.pedroksl.advanced_ae.client.AAEClient]
[17mai.2026 19:30:13.237] [Render thread/DEBUG] [net.neoforged.fml.javafmlmod.FMLModContainer/LOADING]: Creating FMLModContainer instance for [de.mari_023.ae2wtlib.api.AE2wtlibAPIEntrypoint]
[17mai.2026 19:30:13.251] [modloading-worker-0/INFO] [com.github.legendarynetherstarfurnace.LegendaryNetherstarFurnaceMod/]: Initializing Legendary Netherstar Furnace Mod...
[17mai.2026 19:30:13.272] [modloading-worker-0/DEBUG] [GeckoLib/]: Loaded software.bernie.geckolib.platform.GeckoLibNeoForge@60a10cf4 for service interface software.bernie.geckolib.service.GeckoLibPlatform
[17mai.2026 19:30:13.272] [modloading-worker-0/DEBUG] [GeckoLib/]: Loaded software.bernie.geckolib.network.GeckoLibNetworkingNeoForge@614256e8 for service interface software.bernie.geckolib.service.GeckoLibNetworking
[17mai.2026 19:30:13.276] [modloading-worker-0/DEBUG] [net.neoforged.fml.javafmlmod.AutomaticEventSubscriber/LOADING]: Attempting to inject @EventBusSubscriber classes into the eventbus for legendarynetherstarfurnace
[17mai.2026 19:30:13.278] [modloading-worker-0/DEBUG] [net.neoforged.fml.javafmlmod.AutomaticEventSubscriber/LOADING]: Scanning class com.github.legendarynetherstarfurnace.ModCapabilities for @SubscribeEvent-annotated methods
[17mai.2026 19:30:13.281] [modloading-worker-0/DEBUG] [net.neoforged.fml.javafmlmod.AutomaticEventSubscriber/LOADING]: Attempting to inject @EventBusSubscriber classes into the eventbus for geckolib
[17mai.2026 19:30:13.287] [modloading-worker-0/DEBUG] [net.neoforged.neoforge.internal.versions.neoforge.NeoForgeVersion/CORE]: Found NeoForge version 21.1.228
[17mai.2026 19:30:13.287] [modloading-worker-0/DEBUG] [net.neoforged.neoforge.internal.versions.neoforge.NeoForgeVersion/CORE]: Found FML version 4.0.42
[17mai.2026 19:30:13.287] [modloading-worker-0/INFO] [net.neoforged.neoforge.common.NeoForgeMod/NEOFORGE-MOD]: NeoForge mod loading, version 21.1.228, for MC 1.21.1
[17mai.2026 19:30:13.287] [modloading-worker-0/DEBUG] [net.neoforged.fml.javafmlmod.AutomaticEventSubscriber/]: Subscribing @EventBusSubscriber class Lcom/github/legendarynetherstarfurnace/ModCapabilities; to the mod event bus of mod legendarynetherstarfurnace
[17mai.2026 19:30:13.287] [modloading-worker-0/DEBUG] [net.neoforged.fml.javafmlmod.AutomaticEventSubscriber/LOADING]: Scanning class com.github.legendarynetherstarfurnace.ModEvents for @SubscribeEvent-annotated methods
[17mai.2026 19:30:13.287] [modloading-worker-0/DEBUG] [net.neoforged.fml.javafmlmod.AutomaticEventSubscriber/]: Subscribing @EventBusSubscriber class Lcom/github/legendarynetherstarfurnace/ModEvents; to the game event bus
[17mai.2026 19:30:13.287] [modloading-worker-0/WARN] [AE2:C/]: Unable to find class com.simibubi.create.foundation.ponder.PonderWorld. Integration with PonderJS disabled.
[17mai.2026 19:30:13.308] [modloading-worker-0/DEBUG] [net.neoforged.fml.config.ConfigTracker/CONFIG]: Config file ae2-client.toml for ae2 tracking
[17mai.2026 19:30:13.308] [modloading-worker-0/DEBUG] [net.neoforged.fml.config.ConfigTracker/CONFIG]: Config file ae2-common.toml for ae2 tracking
[17mai.2026 19:30:13.308] [modloading-worker-0/DEBUG] [net.neoforged.fml.config.ConfigTracker/CONFIG]: Config file neoforge-client.toml for neoforge tracking
[17mai.2026 19:30:13.308] [modloading-worker-0/DEBUG] [net.neoforged.fml.config.ConfigTracker/CONFIG]: Config file neoforge-server.toml for neoforge tracking
[17mai.2026 19:30:13.308] [modloading-worker-0/DEBUG] [net.neoforged.fml.config.ConfigTracker/CONFIG]: Config file neoforge-common.toml for neoforge tracking
[17mai.2026 19:30:13.345] [modloading-worker-0/DEBUG] [mixin/]: Mixing cpu.MixinCraftingService from mixins.aae.json into appeng.me.service.CraftingService
[17mai.2026 19:30:13.345] [modloading-worker-0/DEBUG] [mixin/]: Renaming synthetic method lambda$advancedAE$findSuitableAdvCraftingCPU$0(Lappeng/api/networking/security/IActionSource;Lnet/pedroksl/advanced_ae/common/cluster/AdvCraftingCPUCluster;Lnet/pedroksl/advanced_ae/common/cluster/AdvCraftingCPUCluster;)I to md57f2a3$advanced_ae$lambda$advancedAE$findSuitableAdvCraftingCPU$0$0 in mixins.aae.json:cpu.MixinCraftingService from mod advanced_ae
[17mai.2026 19:30:13.347] [modloading-worker-0/DEBUG] [mixin/]: Renaming @Unique field FAST_FIRST_COMPARATORLjava/util/Comparator; to fd57f2a3$advanced_ae$FAST_FIRST_COMPARATOR$0 in mixins.aae.json:cpu.MixinCraftingService from mod advanced_ae
[17mai.2026 19:30:13.423] [modloading-worker-0/DEBUG] [mixin/]: mixins.aae.json:cpu.MixinCraftingService from mod advanced_ae->@Inject::tickAdvClusters1(Lorg/spongepowered/asm/mixin/injection/callback/CallbackInfo;)V doesn't use it's CallbackInfo
[17mai.2026 19:30:13.424] [modloading-worker-0/DEBUG] [mixin/]: mixins.aae.json:cpu.MixinCraftingService from mod advanced_ae->@Inject::tickAdvClusters1(Lorg/spongepowered/asm/mixin/injection/callback/CallbackInfo;)V has 0 override(s) in child classes
[17mai.2026 19:30:13.424] [modloading-worker-0/DEBUG] [mixin/]: mixins.aae.json:cpu.MixinCraftingService from mod advanced_ae->@Inject::tickAdvClusters1(Lorg/spongepowered/asm/mixin/injection/callback/CallbackInfo;)V won't be passed a CallbackInfo as a result
[17mai.2026 19:30:13.424] [modloading-worker-0/DEBUG] [mixin/]: mixins.aae.json:cpu.MixinCraftingService from mod advanced_ae->@Inject::tickAdvClusters2(Lorg/spongepowered/asm/mixin/injection/callback/CallbackInfo;)V doesn't use it's CallbackInfo
[17mai.2026 19:30:13.424] [modloading-worker-0/DEBUG] [mixin/]: mixins.aae.json:cpu.MixinCraftingService from mod advanced_ae->@Inject::tickAdvClusters2(Lorg/spongepowered/asm/mixin/injection/callback/CallbackInfo;)V has 0 override(s) in child classes
[17mai.2026 19:30:13.424] [modloading-worker-0/DEBUG] [mixin/]: mixins.aae.json:cpu.MixinCraftingService from mod advanced_ae->@Inject::tickAdvClusters2(Lorg/spongepowered/asm/mixin/injection/callback/CallbackInfo;)V won't be passed a CallbackInfo as a result
[17mai.2026 19:30:13.424] [modloading-worker-0/DEBUG] [mixin/]: mixins.aae.json:cpu.MixinCraftingService from mod advanced_ae->@Inject::onRemoveNode(Lappeng/api/networking/IGridNode;Lorg/spongepowered/asm/mixin/injection/callback/CallbackInfo;)V doesn't use it's CallbackInfo
[17mai.2026 19:30:13.424] [modloading-worker-0/DEBUG] [mixin/]: mixins.aae.json:cpu.MixinCraftingService from mod advanced_ae->@Inject::onRemoveNode(Lappeng/api/networking/IGridNode;Lorg/spongepowered/asm/mixin/injection/callback/CallbackInfo;)V has 0 override(s) in child classes
[17mai.2026 19:30:13.424] [modloading-worker-0/DEBUG] [mixin/]: mixins.aae.json:cpu.MixinCraftingService from mod advanced_ae->@Inject::onRemoveNode(Lappeng/api/networking/IGridNode;Lorg/spongepowered/asm/mixin/injection/callback/CallbackInfo;)V won't be passed a CallbackInfo as a result
[17mai.2026 19:30:13.424] [modloading-worker-0/DEBUG] [mixin/]: mixins.aae.json:cpu.MixinCraftingService from mod advanced_ae->@Inject::onAddNode(Lappeng/api/networking/IGridNode;Lnet/minecraft/nbt/CompoundTag;Lorg/spongepowered/asm/mixin/injection/callback/CallbackInfo;)V doesn't use it's CallbackInfo
[17mai.2026 19:30:13.424] [modloading-worker-0/DEBUG] [mixin/]: mixins.aae.json:cpu.MixinCraftingService from mod advanced_ae->@Inject::onAddNode(Lappeng/api/networking/IGridNode;Lnet/minecraft/nbt/CompoundTag;Lorg/spongepowered/asm/mixin/injection/callback/CallbackInfo;)V has 0 override(s) in child classes
[17mai.2026 19:30:13.424] [modloading-worker-0/DEBUG] [mixin/]: mixins.aae.json:cpu.MixinCraftingService from mod advanced_ae->@Inject::onAddNode(Lappeng/api/networking/IGridNode;Lnet/minecraft/nbt/CompoundTag;Lorg/spongepowered/asm/mixin/injection/callback/CallbackInfo;)V won't be passed a CallbackInfo as a result
[17mai.2026 19:30:13.424] [modloading-worker-0/DEBUG] [mixin/]: mixins.aae.json:cpu.MixinCraftingService from mod advanced_ae->@Inject::onUpdateCPUClusters(Lorg/spongepowered/asm/mixin/injection/callback/CallbackInfo;)V doesn't use it's CallbackInfo
[17mai.2026 19:30:13.424] [modloading-worker-0/DEBUG] [mixin/]: mixins.aae.json:cpu.MixinCraftingService from mod advanced_ae->@Inject::onUpdateCPUClusters(Lorg/spongepowered/asm/mixin/injection/callback/CallbackInfo;)V has 0 override(s) in child classes
[17mai.2026 19:30:13.424] [modloading-worker-0/DEBUG] [mixin/]: mixins.aae.json:cpu.MixinCraftingService from mod advanced_ae->@Inject::onUpdateCPUClusters(Lorg/spongepowered/asm/mixin/injection/callback/CallbackInfo;)V won't be passed a CallbackInfo as a result
[17mai.2026 19:30:13.424] [modloading-worker-0/DEBUG] [mixin/]: mixins.aae.json:cpu.MixinCraftingService from mod advanced_ae->@Inject::onInsertIntoCpus(Lappeng/api/stacks/AEKey;JLappeng/api/config/Actionable;Lorg/spongepowered/asm/mixin/injection/callback/CallbackInfoReturnable;)V does use it's CallbackInfoReturnable
[17mai.2026 19:30:13.424] [modloading-worker-0/DEBUG] [mixin/]: mixins.aae.json:cpu.MixinCraftingService from mod advanced_ae->@Inject::onSubmitJob(Lappeng/api/networking/crafting/ICraftingPlan;Lappeng/api/networking/crafting/ICraftingRequester;Lappeng/api/networking/crafting/ICraftingCPU;ZLappeng/api/networking/security/IActionSource;Lorg/spongepowered/asm/mixin/injection/callback/CallbackInfoReturnable;)V does use it's CallbackInfoReturnable
[17mai.2026 19:30:13.424] [modloading-worker-0/DEBUG] [mixin/]: mixins.aae.json:cpu.MixinCraftingService from mod advanced_ae->@Inject::onGetCpus(Lorg/spongepowered/asm/mixin/injection/callback/CallbackInfoReturnable;)V does use it's CallbackInfoReturnable
[17mai.2026 19:30:13.424] [modloading-worker-0/DEBUG] [mixin/]: mixins.aae.json:cpu.MixinCraftingService from mod advanced_ae->@Inject::onGetRequestedAmount(Lappeng/api/stacks/AEKey;Lorg/spongepowered/asm/mixin/injection/callback/CallbackInfoReturnable;)V does use it's CallbackInfoReturnable
[17mai.2026 19:30:13.424] [modloading-worker-0/DEBUG] [mixin/]: mixins.aae.json:cpu.MixinCraftingService from mod advanced_ae->@Inject::onHasCpu(Lappeng/api/networking/crafting/ICraftingCPU;Lorg/spongepowered/asm/mixin/injection/callback/CallbackInfoReturnable;)V does use it's CallbackInfoReturnable
[17mai.2026 19:30:13.480] [modloading-worker-0/DEBUG] [net.neoforged.fml.javafmlmod.AutomaticEventSubscriber/LOADING]: Attempting to inject @EventBusSubscriber classes into the eventbus for neoforge
[17mai.2026 19:30:13.488] [modloading-worker-0/DEBUG] [net.neoforged.fml.javafmlmod.AutomaticEventSubscriber/LOADING]: Scanning class net.neoforged.neoforge.server.command.ConfigCommand for @SubscribeEvent-annotated methods
[17mai.2026 19:30:13.488] [modloading-worker-0/DEBUG] [net.neoforged.fml.javafmlmod.AutomaticEventSubscriber/]: Subscribing @EventBusSubscriber class Lnet/neoforged/neoforge/server/command/ConfigCommand; to the game event bus
[17mai.2026 19:30:13.490] [modloading-worker-0/DEBUG] [net.neoforged.fml.javafmlmod.AutomaticEventSubscriber/LOADING]: Scanning class net.neoforged.neoforge.network.filters.GenericPacketSplitter for @SubscribeEvent-annotated methods
[17mai.2026 19:30:13.582] [modloading-worker-0/DEBUG] [io.netty.buffer.AbstractByteBuf/]: -Dio.netty.buffer.checkAccessible: true
[17mai.2026 19:30:13.582] [modloading-worker-0/DEBUG] [io.netty.buffer.AbstractByteBuf/]: -Dio.netty.buffer.checkBounds: true
[17mai.2026 19:30:13.584] [modloading-worker-0/DEBUG] [io.netty.util.ResourceLeakDetectorFactory/]: Loaded default ResourceLeakDetector: io.netty.util.ResourceLeakDetector@38532b87
[17mai.2026 19:30:13.598] [modloading-worker-0/DEBUG] [io.netty.util.internal.InternalThreadLocalMap/]: -Dio.netty.threadLocalMap.stringBuilder.initialSize: 1024
[17mai.2026 19:30:13.598] [modloading-worker-0/DEBUG] [io.netty.util.internal.InternalThreadLocalMap/]: -Dio.netty.threadLocalMap.stringBuilder.maxSize: 4096
[17mai.2026 19:30:13.604] [modloading-worker-0/DEBUG] [mixin/]: Mixing LuceneVectorizationMixin from guideme.optional.mixins.json into guideme.internal.shaded.lucene.internal.vectorization.VectorizationProvider
[17mai.2026 19:30:13.604] [modloading-worker-0/DEBUG] [mixin/]: guideme.optional.mixins.json:LuceneVectorizationMixin from mod guideme: Class version 65 required is higher than the class version supported by the current version of Mixin (JAVA_11 supports class version 55)
[17mai.2026 19:30:13.606] [modloading-worker-0/DEBUG] [io.netty.buffer.PooledByteBufAllocator/]: -Dio.netty.allocator.numHeapArenas: 24
[17mai.2026 19:30:13.606] [modloading-worker-0/DEBUG] [io.netty.buffer.PooledByteBufAllocator/]: -Dio.netty.allocator.numDirectArenas: 24
[17mai.2026 19:30:13.606] [modloading-worker-0/DEBUG] [io.netty.buffer.PooledByteBufAllocator/]: -Dio.netty.allocator.pageSize: 8192
[17mai.2026 19:30:13.606] [modloading-worker-0/DEBUG] [io.netty.buffer.PooledByteBufAllocator/]: -Dio.netty.allocator.maxOrder: 9
[17mai.2026 19:30:13.606] [modloading-worker-0/DEBUG] [io.netty.buffer.PooledByteBufAllocator/]: -Dio.netty.allocator.chunkSize: 4194304
[17mai.2026 19:30:13.606] [modloading-worker-0/DEBUG] [io.netty.buffer.PooledByteBufAllocator/]: -Dio.netty.allocator.smallCacheSize: 256
[17mai.2026 19:30:13.606] [modloading-worker-0/DEBUG] [io.netty.buffer.PooledByteBufAllocator/]: -Dio.netty.allocator.normalCacheSize: 64
[17mai.2026 19:30:13.606] [modloading-worker-0/DEBUG] [io.netty.buffer.PooledByteBufAllocator/]: -Dio.netty.allocator.maxCachedBufferCapacity: 32768
[17mai.2026 19:30:13.606] [modloading-worker-0/DEBUG] [io.netty.buffer.PooledByteBufAllocator/]: -Dio.netty.allocator.cacheTrimInterval: 8192
[17mai.2026 19:30:13.606] [modloading-worker-0/DEBUG] [io.netty.buffer.PooledByteBufAllocator/]: -Dio.netty.allocator.cacheTrimIntervalMillis: 0
[17mai.2026 19:30:13.606] [modloading-worker-0/DEBUG] [io.netty.buffer.PooledByteBufAllocator/]: -Dio.netty.allocator.useCacheForAllThreads: false
[17mai.2026 19:30:13.606] [modloading-worker-0/DEBUG] [io.netty.buffer.PooledByteBufAllocator/]: -Dio.netty.allocator.maxCachedByteBuffersPerChunk: 1023
[17mai.2026 19:30:13.606] [modloading-worker-0/DEBUG] [mixin/]: guideme.optional.mixins.json:LuceneVectorizationMixin from mod guideme->@Inject::getUpperJavaFeatureVersion(Lorg/spongepowered/asm/mixin/injection/callback/CallbackInfoReturnable;)V does use it's CallbackInfoReturnable
[17mai.2026 19:30:13.622] [modloading-worker-0/DEBUG] [io.netty.buffer.ByteBufUtil/]: -Dio.netty.allocator.type: pooled
[17mai.2026 19:30:13.622] [modloading-worker-0/DEBUG] [io.netty.buffer.ByteBufUtil/]: -Dio.netty.threadLocalDirectBufferSize: 0
[17mai.2026 19:30:13.622] [modloading-worker-0/DEBUG] [io.netty.buffer.ByteBufUtil/]: -Dio.netty.maxThreadLocalCharBufferSize: 16384
[17mai.2026 19:30:13.622] [modloading-worker-0/DEBUG] [net.neoforged.fml.config.ConfigTracker/CONFIG]: Config file Mekanism/client.toml for mekanism tracking
[17mai.2026 19:30:13.624] [modloading-worker-0/DEBUG] [net.neoforged.fml.config.ConfigTracker/CONFIG]: Config file Mekanism/common.toml for mekanism tracking
[17mai.2026 19:30:13.624] [modloading-worker-0/DEBUG] [net.neoforged.fml.config.ConfigTracker/CONFIG]: Config file Mekanism/general.toml for mekanism tracking
[17mai.2026 19:30:13.624] [modloading-worker-0/DEBUG] [net.neoforged.fml.config.ConfigTracker/CONFIG]: Config file Mekanism/gear.toml for mekanism tracking
[17mai.2026 19:30:13.624] [modloading-worker-0/DEBUG] [net.neoforged.fml.config.ConfigTracker/CONFIG]: Config file Mekanism/startup.toml for mekanism tracking
[17mai.2026 19:30:13.637] [modloading-worker-0/DEBUG] [net.neoforged.fml.javafmlmod.AutomaticEventSubscriber/]: Subscribing @EventBusSubscriber class Lnet/neoforged/neoforge/network/filters/GenericPacketSplitter; to the mod event bus of mod neoforge
[17mai.2026 19:30:13.643] [modloading-worker-0/DEBUG] [net.neoforged.fml.javafmlmod.AutomaticEventSubscriber/LOADING]: Scanning class net.neoforged.neoforge.network.NetworkInitialization for @SubscribeEvent-annotated methods
[17mai.2026 19:30:13.643] [modloading-worker-0/DEBUG] [net.neoforged.fml.javafmlmod.AutomaticEventSubscriber/]: Subscribing @EventBusSubscriber class Lnet/neoforged/neoforge/network/NetworkInitialization; to the mod event bus of mod neoforge
[17mai.2026 19:30:13.645] [modloading-worker-0/DEBUG] [net.neoforged.fml.javafmlmod.AutomaticEventSubscriber/LOADING]: Scanning class net.neoforged.neoforge.network.ConfigurationInitialization for @SubscribeEvent-annotated methods
[17mai.2026 19:30:13.649] [modloading-worker-0/DEBUG] [net.neoforged.fml.javafmlmod.AutomaticEventSubscriber/]: Subscribing @EventBusSubscriber class Lnet/neoforged/neoforge/network/ConfigurationInitialization; to the mod event bus of mod neoforge
[17mai.2026 19:30:13.651] [modloading-worker-0/DEBUG] [net.neoforged.fml.javafmlmod.AutomaticEventSubscriber/LOADING]: Scanning class net.neoforged.neoforge.common.MonsterRoomHooks for @SubscribeEvent-annotated methods
[17mai.2026 19:30:13.653] [modloading-worker-0/DEBUG] [net.neoforged.fml.javafmlmod.AutomaticEventSubscriber/]: Subscribing @EventBusSubscriber class Lnet/neoforged/neoforge/common/MonsterRoomHooks; to the game event bus
[17mai.2026 19:30:13.653] [modloading-worker-0/DEBUG] [net.neoforged.fml.javafmlmod.AutomaticEventSubscriber/LOADING]: Scanning class net.neoforged.neoforge.common.DeferredSpawnEggItem$CommonHandler for @SubscribeEvent-annotated methods
[17mai.2026 19:30:13.655] [modloading-worker-0/DEBUG] [net.neoforged.fml.config.ConfigTracker/CONFIG]: Loaded TOML config file C:\Users\gabri\OneDrive\Documentos\Projetos\LegendaryNetherstarFurnaceMod\LegendaryNetherstarFurnaceMod\run\config\Mekanism\startup.toml
[17mai.2026 19:30:13.655] [modloading-worker-0/DEBUG] [net.neoforged.fml.javafmlmod.AutomaticEventSubscriber/]: Subscribing @EventBusSubscriber class Lnet/neoforged/neoforge/common/DeferredSpawnEggItem$CommonHandler; to the mod event bus of mod neoforge
[17mai.2026 19:30:13.657] [modloading-worker-0/DEBUG] [net.neoforged.fml.javafmlmod.AutomaticEventSubscriber/LOADING]: Scanning class net.neoforged.neoforge.common.DeferredSpawnEggItem$ColorRegisterHandler for @SubscribeEvent-annotated methods
[17mai.2026 19:30:13.659] [modloading-worker-0/DEBUG] [net.neoforged.fml.javafmlmod.AutomaticEventSubscriber/]: Subscribing @EventBusSubscriber class Lnet/neoforged/neoforge/common/DeferredSpawnEggItem$ColorRegisterHandler; to the mod event bus of mod neoforge
[17mai.2026 19:30:13.661] [modloading-worker-0/DEBUG] [net.neoforged.fml.javafmlmod.AutomaticEventSubscriber/LOADING]: Scanning class net.neoforged.neoforge.client.model.data.ModelDataManager for @SubscribeEvent-annotated methods
[17mai.2026 19:30:13.665] [modloading-worker-0/DEBUG] [net.neoforged.fml.javafmlmod.AutomaticEventSubscriber/]: Subscribing @EventBusSubscriber class Lnet/neoforged/neoforge/client/model/data/ModelDataManager; to the game event bus
[17mai.2026 19:30:13.665] [modloading-worker-0/DEBUG] [net.neoforged.fml.javafmlmod.AutomaticEventSubscriber/LOADING]: Scanning class net.neoforged.neoforge.client.ParticleBoundsDebugRenderer for @SubscribeEvent-annotated methods
[17mai.2026 19:30:13.671] [modloading-worker-0/DEBUG] [net.neoforged.fml.javafmlmod.AutomaticEventSubscriber/]: Subscribing @EventBusSubscriber class Lnet/neoforged/neoforge/client/ParticleBoundsDebugRenderer; to the game event bus
[17mai.2026 19:30:13.671] [modloading-worker-0/DEBUG] [net.neoforged.fml.javafmlmod.AutomaticEventSubscriber/LOADING]: Scanning class net.neoforged.neoforge.client.ClientHooks$ClientEvents for @SubscribeEvent-annotated methods
[17mai.2026 19:30:13.675] [modloading-worker-0/DEBUG] [net.neoforged.fml.config.ConfigTracker/CONFIG]: Watching TOML config file C:\Users\gabri\OneDrive\Documentos\Projetos\LegendaryNetherstarFurnaceMod\LegendaryNetherstarFurnaceMod\run\config\Mekanism\startup.toml for changes
[17mai.2026 19:30:13.675] [modloading-worker-0/DEBUG] [net.neoforged.fml.javafmlmod.AutomaticEventSubscriber/]: Subscribing @EventBusSubscriber class Lnet/neoforged/neoforge/client/ClientHooks$ClientEvents; to the mod event bus of mod neoforge
[17mai.2026 19:30:13.675] [modloading-worker-0/DEBUG] [net.neoforged.fml.config.ConfigTracker/CONFIG]: Config file Mekanism/machine-storage.toml for mekanism tracking
[17mai.2026 19:30:13.677] [modloading-worker-0/DEBUG] [net.neoforged.fml.config.ConfigTracker/CONFIG]: Config file Mekanism/tiers.toml for mekanism tracking
[17mai.2026 19:30:13.677] [modloading-worker-0/DEBUG] [net.neoforged.fml.config.ConfigTracker/CONFIG]: Config file Mekanism/machine-usage.toml for mekanism tracking
[17mai.2026 19:30:13.677] [modloading-worker-0/DEBUG] [net.neoforged.fml.javafmlmod.AutomaticEventSubscriber/LOADING]: Scanning class net.neoforged.neoforge.client.BlockEntityRenderBoundsDebugRenderer for @SubscribeEvent-annotated methods
[17mai.2026 19:30:13.677] [modloading-worker-0/DEBUG] [net.neoforged.fml.config.ConfigTracker/CONFIG]: Config file Mekanism/world.toml for mekanism tracking
[17mai.2026 19:30:13.679] [modloading-worker-0/DEBUG] [net.neoforged.fml.javafmlmod.AutomaticEventSubscriber/]: Subscribing @EventBusSubscriber class Lnet/neoforged/neoforge/client/BlockEntityRenderBoundsDebugRenderer; to the game event bus
[17mai.2026 19:30:13.681] [modloading-worker-0/DEBUG] [net.neoforged.fml.javafmlmod.AutomaticEventSubscriber/LOADING]: Scanning class net.neoforged.neoforge.attachment.AttachmentSync for @SubscribeEvent-annotated methods
[17mai.2026 19:30:13.683] [modloading-worker-0/DEBUG] [mixin/]: Mixing MixinIOBusPartInvoker from mixins.aae.json into appeng.parts.automation.IOBusPart
[17mai.2026 19:30:13.691] [modloading-worker-0/DEBUG] [net.neoforged.fml.javafmlmod.AutomaticEventSubscriber/]: Subscribing @EventBusSubscriber class Lnet/neoforged/neoforge/attachment/AttachmentSync; to the game event bus
[17mai.2026 19:30:13.693] [modloading-worker-0/DEBUG] [net.neoforged.fml.javafmlmod.AutomaticEventSubscriber/LOADING]: Scanning class net.neoforged.neoforge.attachment.AttachmentInternals for @SubscribeEvent-annotated methods
[17mai.2026 19:30:13.693] [modloading-worker-0/DEBUG] [net.neoforged.fml.javafmlmod.AutomaticEventSubscriber/]: Subscribing @EventBusSubscriber class Lnet/neoforged/neoforge/attachment/AttachmentInternals; to the game event bus
[17mai.2026 19:30:13.729] [modloading-worker-0/DEBUG] [mixin/]: Mixing MixinPatternEncodingLogic from mixins.aae.json into appeng.parts.encoding.PatternEncodingLogic
[17mai.2026 19:30:13.736] [modloading-worker-0/DEBUG] [mixin/]: mixins.aae.json:MixinPatternEncodingLogic from mod advanced_ae->@Inject::onLoadEncodedPattern(Lnet/minecraft/world/item/ItemStack;Lorg/spongepowered/asm/mixin/injection/callback/CallbackInfo;)V doesn't use it's CallbackInfo
[17mai.2026 19:30:13.736] [modloading-worker-0/DEBUG] [mixin/]: mixins.aae.json:MixinPatternEncodingLogic from mod advanced_ae->@Inject::onLoadEncodedPattern(Lnet/minecraft/world/item/ItemStack;Lorg/spongepowered/asm/mixin/injection/callback/CallbackInfo;)V has 0 override(s) in child classes
[17mai.2026 19:30:13.736] [modloading-worker-0/DEBUG] [mixin/]: mixins.aae.json:MixinPatternEncodingLogic from mod advanced_ae->@Inject::onLoadEncodedPattern(Lnet/minecraft/world/item/ItemStack;Lorg/spongepowered/asm/mixin/injection/callback/CallbackInfo;)V won't be passed a CallbackInfo as a result
[17mai.2026 19:30:13.775] [modloading-worker-0/DEBUG] [mixin/]: Mixing MixinPatternProviderLogic from mixins.aae.json into appeng.helpers.patternprovider.PatternProviderLogic
[17mai.2026 19:30:13.791] [modloading-worker-0/DEBUG] [mixin/]: mixins.aae.json:MixinPatternProviderLogic from mod advanced_ae->@Inject::onGetActiveSides(Lorg/spongepowered/asm/mixin/injection/callback/CallbackInfoReturnable;)V does use it's CallbackInfoReturnable
[17mai.2026 19:30:13.833] [modloading-worker-0/DEBUG] [net.neoforged.fml.config.ConfigTracker/CONFIG]: Config file guideme.toml for guideme tracking
[17mai.2026 19:30:13.889] [modloading-worker-0/DEBUG] [net.neoforged.fml.javafmlmod.AutomaticEventSubscriber/LOADING]: Attempting to inject @EventBusSubscriber classes into the eventbus for guideme
[17mai.2026 19:30:14.204] [modloading-worker-0/DEBUG] [mixin/]: Mixing client.BuiltInModelHooksAccessor from mixins.aae.json into appeng.hooks.BuiltInModelHooks
[17mai.2026 19:30:14.206] [modloading-worker-0/DEBUG] [mixin/]: Renaming @Accessor method getBuiltInModels()Ljava/util/Map; to getBuiltInModels$advanced_ae_$md$57f2a3$0 in mixins.aae.json:client.BuiltInModelHooksAccessor from mod advanced_ae
[17mai.2026 19:30:14.206] [modloading-worker-0/DEBUG] [mixin/]: Mixing TextureAtlasMixin from ae2.mixins.json into net.minecraft.client.renderer.texture.TextureAtlas
[17mai.2026 19:30:14.206] [modloading-worker-0/DEBUG] [mixin/]: ae2.mixins.json:TextureAtlasMixin from mod ae2: Class version 65 required is higher than the class version supported by the current version of Mixin (JAVA_11 supports class version 55)
[17mai.2026 19:30:14.206] [modloading-worker-0/DEBUG] [mixin/]: ae2.mixins.json:TextureAtlasMixin from mod ae2->@Inject::uploadHook(Lnet/minecraft/client/renderer/texture/SpriteLoader$Preparations;Lorg/spongepowered/asm/mixin/injection/callback/CallbackInfo;)V doesn't use it's CallbackInfo
[17mai.2026 19:30:14.206] [modloading-worker-0/DEBUG] [mixin/]: ae2.mixins.json:TextureAtlasMixin from mod ae2->@Inject::uploadHook(Lnet/minecraft/client/renderer/texture/SpriteLoader$Preparations;Lorg/spongepowered/asm/mixin/injection/callback/CallbackInfo;)V has 0 override(s) in child classes
[17mai.2026 19:30:14.219] [modloading-worker-0/DEBUG] [mixin/]: ae2.mixins.json:TextureAtlasMixin from mod ae2->@Inject::uploadHook(Lnet/minecraft/client/renderer/texture/SpriteLoader$Preparations;Lorg/spongepowered/asm/mixin/injection/callback/CallbackInfo;)V won't be passed a CallbackInfo as a result
[17mai.2026 19:30:14.336] [modloading-worker-0/DEBUG] [mixin/]: Mixing client.LevelRendererMixin from geckolib.mixins.json into net.minecraft.client.renderer.LevelRenderer
[17mai.2026 19:30:14.340] [modloading-worker-0/DEBUG] [mixin/]: geckolib.mixins.json:client.LevelRendererMixin from mod geckolib: Class version 65 required is higher than the class version supported by the current version of Mixin (JAVA_17 supports class version 61)
[17mai.2026 19:30:14.340] [modloading-worker-0/DEBUG] [mixin/]: Renaming synthetic method lambda$geckolib$captureRenderedEntities$0(I)D to md57f2a3$geckolib$lambda$geckolib$captureRenderedEntities$0$0 in geckolib.mixins.json:client.LevelRendererMixin from mod geckolib
[17mai.2026 19:30:14.356] [modloading-worker-0/DEBUG] [mixin/]: geckolib.mixins.json:client.LevelRendererMixin from mod geckolib->@Inject::geckolib$captureRenderedEntities(Lnet/minecraft/client/DeltaTracker;ZLnet/minecraft/client/Camera;Lnet/minecraft/client/renderer/GameRenderer;Lnet/minecraft/client/renderer/LightTexture;Lorg/joml/Matrix4f;Lorg/joml/Matrix4f;Lorg/spongepowered/asm/mixin/injection/callback/CallbackInfo;)V doesn't use it's CallbackInfo
[17mai.2026 19:30:14.356] [modloading-worker-0/DEBUG] [mixin/]: geckolib.mixins.json:client.LevelRendererMixin from mod geckolib->@Inject::geckolib$captureRenderedEntities(Lnet/minecraft/client/DeltaTracker;ZLnet/minecraft/client/Camera;Lnet/minecraft/client/renderer/GameRenderer;Lnet/minecraft/client/renderer/LightTexture;Lorg/joml/Matrix4f;Lorg/joml/Matrix4f;Lorg/spongepowered/asm/mixin/injection/callback/CallbackInfo;)V has 0 override(s) in child classes
[17mai.2026 19:30:14.356] [modloading-worker-0/DEBUG] [mixin/]: geckolib.mixins.json:client.LevelRendererMixin from mod geckolib->@Inject::geckolib$captureRenderedEntities(Lnet/minecraft/client/DeltaTracker;ZLnet/minecraft/client/Camera;Lnet/minecraft/client/renderer/GameRenderer;Lnet/minecraft/client/renderer/LightTexture;Lorg/joml/Matrix4f;Lorg/joml/Matrix4f;Lorg/spongepowered/asm/mixin/injection/callback/CallbackInfo;)V won't be passed a CallbackInfo as a result
[17mai.2026 19:30:14.409] [modloading-worker-0/DEBUG] [net.neoforged.fml.javafmlmod.AutomaticEventSubscriber/LOADING]: Attempting to inject @EventBusSubscriber classes into the eventbus for ae2
[17mai.2026 19:30:14.409] [modloading-worker-0/DEBUG] [net.neoforged.fml.javafmlmod.AutomaticEventSubscriber/LOADING]: Scanning class appeng.server.testplots.SpawnTestTools for @SubscribeEvent-annotated methods
[17mai.2026 19:30:14.425] [modloading-worker-0/DEBUG] [net.neoforged.fml.javafmlmod.AutomaticEventSubscriber/]: Subscribing @EventBusSubscriber class Lappeng/server/testplots/SpawnTestTools; to the game event bus
[17mai.2026 19:30:14.425] [modloading-worker-0/DEBUG] [net.neoforged.fml.javafmlmod.AutomaticEventSubscriber/LOADING]: Scanning class appeng.datagen.AE2DataGenerators for @SubscribeEvent-annotated methods
[17mai.2026 19:30:14.440] [modloading-worker-0/DEBUG] [net.neoforged.fml.javafmlmod.AutomaticEventSubscriber/]: Subscribing @EventBusSubscriber class Lappeng/datagen/AE2DataGenerators; to the mod event bus of mod ae2
[17mai.2026 19:30:14.445] [modloading-worker-0/DEBUG] [net.neoforged.fml.javafmlmod.AutomaticEventSubscriber/LOADING]: Attempting to inject @EventBusSubscriber classes into the eventbus for ae2addonlib
[17mai.2026 19:30:14.445] [modloading-worker-0/DEBUG] [net.neoforged.fml.javafmlmod.AutomaticEventSubscriber/LOADING]: Scanning class net.pedroksl.ae2addonlib.datagen.DataGen for @SubscribeEvent-annotated methods
[17mai.2026 19:30:14.445] [modloading-worker-0/DEBUG] [net.neoforged.fml.javafmlmod.AutomaticEventSubscriber/]: Subscribing @EventBusSubscriber class Lnet/pedroksl/ae2addonlib/datagen/DataGen; to the mod event bus of mod ae2addonlib
[17mai.2026 19:30:14.445] [modloading-worker-0/DEBUG] [net.neoforged.fml.javafmlmod.AutomaticEventSubscriber/LOADING]: Scanning class net.pedroksl.ae2addonlib.AE2AddonLib$AE2AddonClient for @SubscribeEvent-annotated methods
[17mai.2026 19:30:14.445] [modloading-worker-0/DEBUG] [net.neoforged.fml.javafmlmod.AutomaticEventSubscriber/]: Subscribing @EventBusSubscriber class Lnet/pedroksl/ae2addonlib/AE2AddonLib$AE2AddonClient; to the mod event bus of mod ae2addonlib
[17mai.2026 19:30:14.458] [modloading-worker-0/DEBUG] [net.neoforged.fml.config.ConfigTracker/CONFIG]: Config file advanced_ae-client.toml for advanced_ae tracking
[17mai.2026 19:30:14.458] [modloading-worker-0/DEBUG] [net.neoforged.fml.config.ConfigTracker/CONFIG]: Config file advanced_ae-common.toml for advanced_ae tracking
[17mai.2026 19:30:14.548] [modloading-worker-0/DEBUG] [mixin/]: Mixing cpu.MixinCraftingCPUMenu from mixins.aae.json into appeng.menu.me.crafting.CraftingCPUMenu
[17mai.2026 19:30:14.571] [modloading-worker-0/DEBUG] [mixin/]: mixins.aae.json:cpu.MixinCraftingCPUMenu from mod advanced_ae->@Inject::onInit(Lnet/minecraft/world/inventory/MenuType;ILnet/minecraft/world/entity/player/Inventory;Ljava/lang/Object;Lorg/spongepowered/asm/mixin/injection/callback/CallbackInfo;)V doesn't use it's CallbackInfo
[17mai.2026 19:30:14.571] [modloading-worker-0/DEBUG] [mixin/]: mixins.aae.json:cpu.MixinCraftingCPUMenu from mod advanced_ae->@Inject::onInit(Lnet/minecraft/world/inventory/MenuType;ILnet/minecraft/world/entity/player/Inventory;Ljava/lang/Object;Lorg/spongepowered/asm/mixin/injection/callback/CallbackInfo;)V has 0 override(s) in child classes
[17mai.2026 19:30:14.571] [modloading-worker-0/DEBUG] [mixin/]: mixins.aae.json:cpu.MixinCraftingCPUMenu from mod advanced_ae->@Inject::onInit(Lnet/minecraft/world/inventory/MenuType;ILnet/minecraft/world/entity/player/Inventory;Ljava/lang/Object;Lorg/spongepowered/asm/mixin/injection/callback/CallbackInfo;)V won't be passed a CallbackInfo as a result
[17mai.2026 19:30:14.571] [modloading-worker-0/DEBUG] [mixin/]: mixins.aae.json:cpu.MixinCraftingCPUMenu from mod advanced_ae->@Inject::onSetCPU(Lappeng/api/networking/crafting/ICraftingCPU;Lorg/spongepowered/asm/mixin/injection/callback/CallbackInfo;)V does use it's CallbackInfo
[17mai.2026 19:30:14.571] [modloading-worker-0/DEBUG] [mixin/]: mixins.aae.json:cpu.MixinCraftingCPUMenu from mod advanced_ae->@Inject::onCancelCrafting(Lorg/spongepowered/asm/mixin/injection/callback/CallbackInfo;)V doesn't use it's CallbackInfo
[17mai.2026 19:30:14.571] [modloading-worker-0/DEBUG] [mixin/]: mixins.aae.json:cpu.MixinCraftingCPUMenu from mod advanced_ae->@Inject::onCancelCrafting(Lorg/spongepowered/asm/mixin/injection/callback/CallbackInfo;)V has 0 override(s) in child classes
[17mai.2026 19:30:14.571] [modloading-worker-0/DEBUG] [mixin/]: mixins.aae.json:cpu.MixinCraftingCPUMenu from mod advanced_ae->@Inject::onCancelCrafting(Lorg/spongepowered/asm/mixin/injection/callback/CallbackInfo;)V won't be passed a CallbackInfo as a result
[17mai.2026 19:30:14.571] [modloading-worker-0/DEBUG] [mixin/]: mixins.aae.json:cpu.MixinCraftingCPUMenu from mod advanced_ae->@Inject::onToggleScheduling(Lorg/spongepowered/asm/mixin/injection/callback/CallbackInfo;)V doesn't use it's CallbackInfo
[17mai.2026 19:30:14.571] [modloading-worker-0/DEBUG] [mixin/]: mixins.aae.json:cpu.MixinCraftingCPUMenu from mod advanced_ae->@Inject::onToggleScheduling(Lorg/spongepowered/asm/mixin/injection/callback/CallbackInfo;)V has 0 override(s) in child classes
[17mai.2026 19:30:14.571] [modloading-worker-0/DEBUG] [mixin/]: mixins.aae.json:cpu.MixinCraftingCPUMenu from mod advanced_ae->@Inject::onToggleScheduling(Lorg/spongepowered/asm/mixin/injection/callback/CallbackInfo;)V won't be passed a CallbackInfo as a result
[17mai.2026 19:30:14.571] [modloading-worker-0/DEBUG] [mixin/]: mixins.aae.json:cpu.MixinCraftingCPUMenu from mod advanced_ae->@Inject::onRemoved(Lnet/minecraft/world/entity/player/Player;Lorg/spongepowered/asm/mixin/injection/callback/CallbackInfo;)V doesn't use it's CallbackInfo
[17mai.2026 19:30:14.571] [modloading-worker-0/DEBUG] [mixin/]: mixins.aae.json:cpu.MixinCraftingCPUMenu from mod advanced_ae->@Inject::onRemoved(Lnet/minecraft/world/entity/player/Player;Lorg/spongepowered/asm/mixin/injection/callback/CallbackInfo;)V has 0 override(s) in child classes
[17mai.2026 19:30:14.571] [modloading-worker-0/DEBUG] [mixin/]: mixins.aae.json:cpu.MixinCraftingCPUMenu from mod advanced_ae->@Inject::onRemoved(Lnet/minecraft/world/entity/player/Player;Lorg/spongepowered/asm/mixin/injection/callback/CallbackInfo;)V won't be passed a CallbackInfo as a result
[17mai.2026 19:30:14.571] [modloading-worker-0/DEBUG] [mixin/]: mixins.aae.json:cpu.MixinCraftingCPUMenu from mod advanced_ae->@Inject::onBroadcastChanges(Lorg/spongepowered/asm/mixin/injection/callback/CallbackInfo;)V doesn't use it's CallbackInfo
[17mai.2026 19:30:14.571] [modloading-worker-0/DEBUG] [mixin/]: mixins.aae.json:cpu.MixinCraftingCPUMenu from mod advanced_ae->@Inject::onBroadcastChanges(Lorg/spongepowered/asm/mixin/injection/callback/CallbackInfo;)V has 0 override(s) in child classes
[17mai.2026 19:30:14.571] [modloading-worker-0/DEBUG] [mixin/]: mixins.aae.json:cpu.MixinCraftingCPUMenu from mod advanced_ae->@Inject::onBroadcastChanges(Lorg/spongepowered/asm/mixin/injection/callback/CallbackInfo;)V won't be passed a CallbackInfo as a result
[17mai.2026 19:30:14.647] [modloading-worker-0/DEBUG] [net.neoforged.fml.javafmlmod.AutomaticEventSubscriber/LOADING]: Attempting to inject @EventBusSubscriber classes into the eventbus for advanced_ae
[17mai.2026 19:30:14.647] [modloading-worker-0/DEBUG] [net.neoforged.fml.javafmlmod.AutomaticEventSubscriber/LOADING]: Scanning class net.pedroksl.advanced_ae.datagen.AAEDataGen for @SubscribeEvent-annotated methods
[17mai.2026 19:30:14.647] [modloading-worker-0/DEBUG] [net.neoforged.fml.javafmlmod.AutomaticEventSubscriber/]: Subscribing @EventBusSubscriber class Lnet/pedroksl/advanced_ae/datagen/AAEDataGen; to the mod event bus of mod advanced_ae
[17mai.2026 19:30:14.654] [modloading-worker-0/DEBUG] [net.neoforged.fml.javafmlmod.AutomaticEventSubscriber/LOADING]: Attempting to inject @EventBusSubscriber classes into the eventbus for ae2wtlib_api
[17mai.2026 19:30:15.329] [modloading-worker-0/DEBUG] [net.neoforged.fml.javafmlmod.AutomaticEventSubscriber/LOADING]: Attempting to inject @EventBusSubscriber classes into the eventbus for mekanism
[17mai.2026 19:30:15.329] [modloading-worker-0/DEBUG] [net.neoforged.fml.javafmlmod.AutomaticEventSubscriber/LOADING]: Scanning class mekanism.common.lib.transmitter.TransmitterNetworkRegistry for @SubscribeEvent-annotated methods
[17mai.2026 19:30:15.329] [modloading-worker-0/DEBUG] [net.neoforged.fml.javafmlmod.AutomaticEventSubscriber/]: Subscribing @EventBusSubscriber class Lmekanism/common/lib/transmitter/TransmitterNetworkRegistry; to the game event bus
[17mai.2026 19:30:15.329] [modloading-worker-0/DEBUG] [net.neoforged.fml.javafmlmod.AutomaticEventSubscriber/LOADING]: Scanning class mekanism.common.lib.radiation.PlayerExposure for @SubscribeEvent-annotated methods
[17mai.2026 19:30:15.336] [modloading-worker-0/DEBUG] [net.neoforged.fml.javafmlmod.AutomaticEventSubscriber/]: Subscribing @EventBusSubscriber class Lmekanism/common/lib/radiation/PlayerExposure; to the game event bus
[17mai.2026 19:30:15.336] [modloading-worker-0/DEBUG] [net.neoforged.fml.javafmlmod.AutomaticEventSubscriber/LOADING]: Scanning class mekanism.common.lib.radiation.MeltdownLevelData for @SubscribeEvent-annotated methods
[17mai.2026 19:30:15.340] [modloading-worker-0/DEBUG] [net.neoforged.fml.javafmlmod.AutomaticEventSubscriber/]: Subscribing @EventBusSubscriber class Lmekanism/common/lib/radiation/MeltdownLevelData; to the game event bus
[17mai.2026 19:30:15.340] [modloading-worker-0/DEBUG] [net.neoforged.fml.javafmlmod.AutomaticEventSubscriber/LOADING]: Scanning class mekanism.common.lib.multiblock.MultiblockManager for @SubscribeEvent-annotated methods
[17mai.2026 19:30:15.340] [modloading-worker-0/DEBUG] [net.neoforged.fml.javafmlmod.AutomaticEventSubscriber/]: Subscribing @EventBusSubscriber class Lmekanism/common/lib/multiblock/MultiblockManager; to the game event bus
[17mai.2026 19:30:15.340] [modloading-worker-0/DEBUG] [net.neoforged.fml.javafmlmod.AutomaticEventSubscriber/LOADING]: Scanning class mekanism.common.base.holiday.ClientHolidayInfo for @SubscribeEvent-annotated methods
[17mai.2026 19:30:15.340] [modloading-worker-0/DEBUG] [net.neoforged.fml.javafmlmod.AutomaticEventSubscriber/]: Subscribing @EventBusSubscriber class Lmekanism/common/base/holiday/ClientHolidayInfo; to the mod event bus of mod mekanism
[17mai.2026 19:30:15.340] [modloading-worker-0/DEBUG] [net.neoforged.fml.javafmlmod.AutomaticEventSubscriber/LOADING]: Scanning class mekanism.client.sound.SoundHandler for @SubscribeEvent-annotated methods
[17mai.2026 19:30:15.354] [modloading-worker-0/DEBUG] [net.neoforged.fml.javafmlmod.AutomaticEventSubscriber/]: Subscribing @EventBusSubscriber class Lmekanism/client/sound/SoundHandler; to the mod event bus of mod mekanism
[17mai.2026 19:30:15.354] [modloading-worker-0/DEBUG] [net.neoforged.fml.javafmlmod.AutomaticEventSubscriber/LOADING]: Scanning class mekanism.client.render.MekanismShaders for @SubscribeEvent-annotated methods
[17mai.2026 19:30:15.356] [modloading-worker-0/DEBUG] [net.neoforged.fml.javafmlmod.AutomaticEventSubscriber/]: Subscribing @EventBusSubscriber class Lmekanism/client/render/MekanismShaders; to the mod event bus of mod mekanism
[17mai.2026 19:30:15.356] [modloading-worker-0/DEBUG] [net.neoforged.fml.javafmlmod.AutomaticEventSubscriber/LOADING]: Scanning class mekanism.client.render.MekanismRenderer for @SubscribeEvent-annotated methods
[17mai.2026 19:30:15.362] [modloading-worker-0/DEBUG] [net.neoforged.fml.javafmlmod.AutomaticEventSubscriber/]: Subscribing @EventBusSubscriber class Lmekanism/client/render/MekanismRenderer; to the mod event bus of mod mekanism
[17mai.2026 19:30:15.362] [modloading-worker-0/DEBUG] [net.neoforged.fml.javafmlmod.AutomaticEventSubscriber/LOADING]: Scanning class mekanism.client.ClientRegistration for @SubscribeEvent-annotated methods
[17mai.2026 19:30:15.366] [modloading-worker-0/DEBUG] [mixin/]: Mixing client.BlockEntityWithoutLevelRendererMixin from geckolib.mixins.json into net.minecraft.client.renderer.BlockEntityWithoutLevelRenderer
[17mai.2026 19:30:15.368] [modloading-worker-0/DEBUG] [mixin/]: geckolib.mixins.json:client.BlockEntityWithoutLevelRendererMixin from mod geckolib: Class version 65 required is higher than the class version supported by the current version of Mixin (JAVA_17 supports class version 61)
[17mai.2026 19:30:15.368] [modloading-worker-0/DEBUG] [mixin/]: geckolib.mixins.json:client.BlockEntityWithoutLevelRendererMixin from mod geckolib->@Inject::geckolib$renderGeckolibItem(Lnet/minecraft/world/item/ItemStack;Lnet/minecraft/world/item/ItemDisplayContext;Lcom/mojang/blaze3d/vertex/PoseStack;Lnet/minecraft/client/renderer/MultiBufferSource;IILorg/spongepowered/asm/mixin/injection/callback/CallbackInfo;)V does use it's CallbackInfo
[17mai.2026 19:30:15.408] [modloading-worker-0/DEBUG] [net.neoforged.fml.javafmlmod.AutomaticEventSubscriber/]: Subscribing @EventBusSubscriber class Lmekanism/client/ClientRegistration; to the mod event bus of mod mekanism
[17mai.2026 19:30:16.260] [modloading-sync-worker/DEBUG] [mixin/]: Mixing MixinEncodedPatternItem from mixins.aae.json into appeng.crafting.pattern.EncodedPatternItem
[17mai.2026 19:30:16.296] [modloading-sync-worker/DEBUG] [mixin/]: mixins.aae.json:MixinEncodedPatternItem from mod advanced_ae->@Inject::onHoverText(Lnet/minecraft/world/item/ItemStack;Lnet/minecraft/world/item/Item$TooltipContext;Ljava/util/List;Lnet/minecraft/world/item/TooltipFlag;Lorg/spongepowered/asm/mixin/injection/callback/CallbackInfo;)V does use it's CallbackInfo
[17mai.2026 19:30:16.386] [modloading-sync-worker/DEBUG] [mixin/]: Mixing MixinPatternEncodingTermMenu from mixins.aae.json into appeng.menu.me.items.PatternEncodingTermMenu
[17mai.2026 19:30:16.399] [modloading-sync-worker/DEBUG] [mixin/]: mixins.aae.json:MixinPatternEncodingTermMenu from mod advanced_ae->@Inject::onEncodeProcessingPattern(Lorg/spongepowered/asm/mixin/injection/callback/CallbackInfoReturnable;)V does use it's CallbackInfoReturnable
[17mai.2026 19:30:17.052] [modloading-sync-worker/DEBUG] [net.neoforged.fml.config.ConfigTracker/CONFIG]: Loading configs type CLIENT
[17mai.2026 19:30:17.063] [modloading-sync-worker/DEBUG] [net.neoforged.fml.config.ConfigTracker/CONFIG]: Loaded TOML config file C:\Users\gabri\OneDrive\Documentos\Projetos\LegendaryNetherstarFurnaceMod\LegendaryNetherstarFurnaceMod\run\config\ae2-client.toml
[17mai.2026 19:30:17.063] [modloading-sync-worker/DEBUG] [net.neoforged.fml.config.ConfigTracker/CONFIG]: Watching TOML config file C:\Users\gabri\OneDrive\Documentos\Projetos\LegendaryNetherstarFurnaceMod\LegendaryNetherstarFurnaceMod\run\config\ae2-client.toml for changes
[17mai.2026 19:30:17.066] [modloading-sync-worker/DEBUG] [net.neoforged.neoforge.common.NeoForgeConfig/FORGEMOD]: Loaded NeoForge config file neoforge-client.toml
[17mai.2026 19:30:17.066] [modloading-sync-worker/DEBUG] [net.neoforged.fml.config.ConfigTracker/CONFIG]: Loaded TOML config file C:\Users\gabri\OneDrive\Documentos\Projetos\LegendaryNetherstarFurnaceMod\LegendaryNetherstarFurnaceMod\run\config\neoforge-client.toml
[17mai.2026 19:30:17.066] [modloading-sync-worker/DEBUG] [net.neoforged.fml.config.ConfigTracker/CONFIG]: Watching TOML config file C:\Users\gabri\OneDrive\Documentos\Projetos\LegendaryNetherstarFurnaceMod\LegendaryNetherstarFurnaceMod\run\config\neoforge-client.toml for changes
[17mai.2026 19:30:17.076] [modloading-sync-worker/DEBUG] [net.neoforged.fml.config.ConfigTracker/CONFIG]: Loaded TOML config file C:\Users\gabri\OneDrive\Documentos\Projetos\LegendaryNetherstarFurnaceMod\LegendaryNetherstarFurnaceMod\run\config\Mekanism\client.toml
[17mai.2026 19:30:17.078] [modloading-sync-worker/DEBUG] [net.neoforged.fml.config.ConfigTracker/CONFIG]: Watching TOML config file C:\Users\gabri\OneDrive\Documentos\Projetos\LegendaryNetherstarFurnaceMod\LegendaryNetherstarFurnaceMod\run\config\Mekanism\client.toml for changes
[17mai.2026 19:30:17.078] [modloading-sync-worker/DEBUG] [net.neoforged.fml.config.ConfigTracker/CONFIG]: Loaded TOML config file C:\Users\gabri\OneDrive\Documentos\Projetos\LegendaryNetherstarFurnaceMod\LegendaryNetherstarFurnaceMod\run\config\guideme.toml
[17mai.2026 19:30:17.082] [modloading-sync-worker/DEBUG] [net.neoforged.fml.config.ConfigTracker/CONFIG]: Watching TOML config file C:\Users\gabri\OneDrive\Documentos\Projetos\LegendaryNetherstarFurnaceMod\LegendaryNetherstarFurnaceMod\run\config\guideme.toml for changes
[17mai.2026 19:30:17.082] [modloading-sync-worker/DEBUG] [net.neoforged.fml.config.ConfigTracker/CONFIG]: Loaded TOML config file C:\Users\gabri\OneDrive\Documentos\Projetos\LegendaryNetherstarFurnaceMod\LegendaryNetherstarFurnaceMod\run\config\advanced_ae-client.toml
[17mai.2026 19:30:17.082] [modloading-sync-worker/DEBUG] [net.neoforged.fml.config.ConfigTracker/CONFIG]: Watching TOML config file C:\Users\gabri\OneDrive\Documentos\Projetos\LegendaryNetherstarFurnaceMod\LegendaryNetherstarFurnaceMod\run\config\advanced_ae-client.toml for changes
[17mai.2026 19:30:17.082] [modloading-sync-worker/DEBUG] [net.neoforged.fml.config.ConfigTracker/CONFIG]: Loading configs type COMMON
[17mai.2026 19:30:17.082] [modloading-sync-worker/DEBUG] [net.neoforged.fml.config.ConfigTracker/CONFIG]: Loaded TOML config file C:\Users\gabri\OneDrive\Documentos\Projetos\LegendaryNetherstarFurnaceMod\LegendaryNetherstarFurnaceMod\run\config\ae2-common.toml
[17mai.2026 19:30:17.082] [modloading-sync-worker/DEBUG] [net.neoforged.fml.config.ConfigTracker/CONFIG]: Watching TOML config file C:\Users\gabri\OneDrive\Documentos\Projetos\LegendaryNetherstarFurnaceMod\LegendaryNetherstarFurnaceMod\run\config\ae2-common.toml for changes
[17mai.2026 19:30:17.082] [modloading-sync-worker/DEBUG] [net.neoforged.neoforge.common.NeoForgeConfig/FORGEMOD]: Loaded NeoForge config file neoforge-common.toml
[17mai.2026 19:30:17.082] [modloading-sync-worker/DEBUG] [net.neoforged.fml.config.ConfigTracker/CONFIG]: Loaded TOML config file C:\Users\gabri\OneDrive\Documentos\Projetos\LegendaryNetherstarFurnaceMod\LegendaryNetherstarFurnaceMod\run\config\neoforge-common.toml
[17mai.2026 19:30:17.082] [modloading-sync-worker/DEBUG] [net.neoforged.fml.config.ConfigTracker/CONFIG]: Watching TOML config file C:\Users\gabri\OneDrive\Documentos\Projetos\LegendaryNetherstarFurnaceMod\LegendaryNetherstarFurnaceMod\run\config\neoforge-common.toml for changes
[17mai.2026 19:30:17.094] [modloading-sync-worker/DEBUG] [net.neoforged.fml.config.ConfigTracker/CONFIG]: Loaded TOML config file C:\Users\gabri\OneDrive\Documentos\Projetos\LegendaryNetherstarFurnaceMod\LegendaryNetherstarFurnaceMod\run\config\Mekanism\common.toml
[17mai.2026 19:30:17.094] [modloading-sync-worker/DEBUG] [net.neoforged.fml.config.ConfigTracker/CONFIG]: Watching TOML config file C:\Users\gabri\OneDrive\Documentos\Projetos\LegendaryNetherstarFurnaceMod\LegendaryNetherstarFurnaceMod\run\config\Mekanism\common.toml for changes
[17mai.2026 19:30:17.094] [modloading-sync-worker/DEBUG] [net.neoforged.fml.config.ConfigTracker/CONFIG]: Loaded TOML config file C:\Users\gabri\OneDrive\Documentos\Projetos\LegendaryNetherstarFurnaceMod\LegendaryNetherstarFurnaceMod\run\config\advanced_ae-common.toml
[17mai.2026 19:30:17.100] [modloading-sync-worker/DEBUG] [net.neoforged.fml.config.ConfigTracker/CONFIG]: Watching TOML config file C:\Users\gabri\OneDrive\Documentos\Projetos\LegendaryNetherstarFurnaceMod\LegendaryNetherstarFurnaceMod\run\config\advanced_ae-common.toml for changes
[17mai.2026 19:30:17.173] [Render thread/DEBUG] [mixin/]: Mixing client.TextureManagerMixin from geckolib.mixins.json into net.minecraft.client.renderer.texture.TextureManager
[17mai.2026 19:30:17.173] [Render thread/DEBUG] [mixin/]: geckolib.mixins.json:client.TextureManagerMixin from mod geckolib: Class version 65 required is higher than the class version supported by the current version of Mixin (JAVA_17 supports class version 61)
[17mai.2026 19:30:17.343] [Render thread/DEBUG] [mixin/]: Mixing ModelBakeryMixin from ae2.mixins.json into net.minecraft.client.resources.model.ModelBakery
[17mai.2026 19:30:17.343] [Render thread/DEBUG] [mixin/]: ae2.mixins.json:ModelBakeryMixin from mod ae2: Class version 65 required is higher than the class version supported by the current version of Mixin (JAVA_11 supports class version 55)
[17mai.2026 19:30:17.343] [Render thread/DEBUG] [mixin/]: Mixing client.ModelBakeryMixin from mixins.aae.json into net.minecraft.client.resources.model.ModelBakery
[17mai.2026 19:30:17.343] [Render thread/DEBUG] [mixin/]: ae2.mixins.json:ModelBakeryMixin from mod ae2->@Inject::getModelHook(Lnet/minecraft/resources/ResourceLocation;Lorg/spongepowered/asm/mixin/injection/callback/CallbackInfoReturnable;)V does use it's CallbackInfoReturnable
[17mai.2026 19:30:17.343] [Render thread/DEBUG] [mixin/]: mixins.aae.json:client.ModelBakeryMixin from mod advanced_ae->@Inject::loadModelHook(Lnet/minecraft/resources/ResourceLocation;Lorg/spongepowered/asm/mixin/injection/callback/CallbackInfoReturnable;)V does use it's CallbackInfoReturnable
[17mai.2026 19:30:17.594] [Render thread/INFO] [net.neoforged.neoforge.gametest.GameTestHooks/]: Enabled Gametest Namespaces: [examplemod]
[17mai.2026 19:30:17.811] [Render thread/DEBUG] [mixin/]: Mixing client.HumanoidArmorLayerMixin from geckolib.mixins.json into net.minecraft.client.renderer.entity.layers.HumanoidArmorLayer
[17mai.2026 19:30:17.811] [Render thread/DEBUG] [mixin/]: geckolib.mixins.json:client.HumanoidArmorLayerMixin from mod geckolib: Class version 65 required is higher than the class version supported by the current version of Mixin (JAVA_17 supports class version 61)
[17mai.2026 19:30:18.098] [Render thread/INFO] [net.minecraft.server.packs.resources.ReloadableResourceManager/]: Reloading ResourceManager: vanilla, mod_resources, mod/mekanism, mod/geckolib, mod/guideme, mod/neoforge, mod/legendarynetherstarfurnace, mod/ae2, mod/ae2addonlib, mod/advanced_ae, mod/ae2wtlib_api
[17mai.2026 19:30:18.130] [Worker-Main-3/INFO] [mekanism.common.Mekanism/]: Version 10.7.19 initializing...
[17mai.2026 19:30:18.156] [Worker-Main-3/INFO] [mekanism.common.Mekanism/]: Initialized HolidayManager.
[17mai.2026 19:30:18.177] [Worker-Main-3/INFO] [mekanism.common.Mekanism/]: Fake player readout: UUID = 46e82cd0-d480-3d48-800a-77431ede078e, name = [Mekanism]
[17mai.2026 19:30:18.179] [Worker-Main-3/INFO] [mekanism.common.Mekanism/]: Mod loaded.
[17mai.2026 19:30:18.238] [Render thread/DEBUG] [net.neoforged.fml.DeferredWorkQueue/LOADING]: Dispatching synchronous work for work queue Common setup: 5 jobs
[17mai.2026 19:30:18.250] [Worker-Main-10/INFO] [net.minecraft.client.gui.font.providers.UnihexProvider/]: Found unifont_all_no_pua-15.1.05.hex, loading
[17mai.2026 19:30:18.339] [Render thread/DEBUG] [net.neoforged.fml.DeferredWorkQueue/LOADING]: Synchronous work queue completed in 100.3 ms
[17mai.2026 19:30:18.566] [Render thread/DEBUG] [net.neoforged.fml.DeferredWorkQueue/LOADING]: Dispatching synchronous work for work queue Sided setup: 3 jobs
[17mai.2026 19:30:18.588] [Render thread/DEBUG] [net.neoforged.fml.DeferredWorkQueue/LOADING]: Synchronous work queue completed in 20.97 ms
[17mai.2026 19:30:18.648] [Worker-Main-8/INFO] [net.minecraft.client.gui.font.providers.UnihexProvider/]: Found unifont_jp_patch-15.1.05.hex, loading
[17mai.2026 19:30:19.104] [Worker-Main-3/DEBUG] [mixin/]: Mixing VariantDeserializerMixin from ae2.mixins.json into net.minecraft.client.renderer.block.model.Variant$Deserializer
[17mai.2026 19:30:19.108] [Worker-Main-3/DEBUG] [mixin/]: ae2.mixins.json:VariantDeserializerMixin from mod ae2: Class version 65 required is higher than the class version supported by the current version of Mixin (JAVA_11 supports class version 55)
[17mai.2026 19:30:19.114] [Worker-Main-3/DEBUG] [mixin/]: ae2.mixins.json:VariantDeserializerMixin from mod ae2->@Inject::addAdditionalRotationOptions(Lcom/google/gson/JsonElement;Ljava/lang/reflect/Type;Lcom/google/gson/JsonDeserializationContext;Lorg/spongepowered/asm/mixin/injection/callback/CallbackInfoReturnable;)V does use it's CallbackInfoReturnable
[17mai.2026 19:30:21.098] [Worker-Main-8/DEBUG] [mekanism.common.Mekanism/]: Received IMC message 'add_module_container' from 'mekanism' for new module container 'mekanism:meka_tool' with an imcMethod 'add_meka_tool_modules'.
[17mai.2026 19:30:21.098] [Worker-Main-8/DEBUG] [mekanism.common.Mekanism/]: Received IMC message 'add_module_container' from 'mekanism' for new module container 'mekanism:mekasuit_helmet' with an imcMethod 'add_meka_suit_helmet_modules'.
[17mai.2026 19:30:21.098] [Worker-Main-8/DEBUG] [mekanism.common.Mekanism/]: Received IMC message 'add_module_container' from 'mekanism' for new module container 'mekanism:mekasuit_bodyarmor' with an imcMethod 'add_meka_suit_bodyarmor_modules'.
[17mai.2026 19:30:21.098] [Worker-Main-8/DEBUG] [mekanism.common.Mekanism/]: Received IMC message 'add_module_container' from 'mekanism' for new module container 'mekanism:mekasuit_pants' with an imcMethod 'add_meka_suit_pants_modules'.
[17mai.2026 19:30:21.098] [Worker-Main-8/DEBUG] [mekanism.common.Mekanism/]: Received IMC message 'add_module_container' from 'mekanism' for new module container 'mekanism:mekasuit_boots' with an imcMethod 'add_meka_suit_boots_modules'.
[17mai.2026 19:30:21.100] [Worker-Main-8/DEBUG] [mekanism.common.Mekanism/]: Received IMC message 'add_meka_tool_modules' from 'mekanism' for module 'mekanism:energy_unit'.
[17mai.2026 19:30:21.100] [Worker-Main-8/DEBUG] [mekanism.common.Mekanism/]: Received IMC message 'add_meka_tool_modules' from 'mekanism' for module 'mekanism:attack_amplification_unit'.
[17mai.2026 19:30:21.100] [Worker-Main-8/DEBUG] [mekanism.common.Mekanism/]: Received IMC message 'add_meka_tool_modules' from 'mekanism' for module 'mekanism:silk_touch_unit'.
[17mai.2026 19:30:21.100] [Worker-Main-8/DEBUG] [mekanism.common.Mekanism/]: Received IMC message 'add_meka_tool_modules' from 'mekanism' for module 'mekanism:fortune_unit'.
[17mai.2026 19:30:21.100] [Worker-Main-8/DEBUG] [mekanism.common.Mekanism/]: Received IMC message 'add_meka_tool_modules' from 'mekanism' for module 'mekanism:blasting_unit'.
[17mai.2026 19:30:21.100] [Worker-Main-8/DEBUG] [mekanism.common.Mekanism/]: Received IMC message 'add_meka_tool_modules' from 'mekanism' for module 'mekanism:vein_mining_unit'.
[17mai.2026 19:30:21.100] [Worker-Main-8/DEBUG] [mekanism.common.Mekanism/]: Received IMC message 'add_meka_tool_modules' from 'mekanism' for module 'mekanism:farming_unit'.
[17mai.2026 19:30:21.100] [Worker-Main-8/DEBUG] [mekanism.common.Mekanism/]: Received IMC message 'add_meka_tool_modules' from 'mekanism' for module 'mekanism:shearing_unit'.
[17mai.2026 19:30:21.100] [Worker-Main-8/DEBUG] [mekanism.common.Mekanism/]: Received IMC message 'add_meka_tool_modules' from 'mekanism' for module 'mekanism:teleportation_unit'.
[17mai.2026 19:30:21.100] [Worker-Main-8/DEBUG] [mekanism.common.Mekanism/]: Received IMC message 'add_meka_tool_modules' from 'mekanism' for module 'mekanism:excavation_escalation_unit'.
[17mai.2026 19:30:21.100] [Worker-Main-8/DEBUG] [mekanism.common.Mekanism/]: Received IMC message 'add_meka_suit_helmet_modules' from 'mekanism' for module 'mekanism:energy_unit'.
[17mai.2026 19:30:21.102] [Worker-Main-8/DEBUG] [mekanism.common.Mekanism/]: Received IMC message 'add_meka_suit_helmet_modules' from 'mekanism' for module 'mekanism:color_modulation_unit'.
[17mai.2026 19:30:21.102] [Worker-Main-8/DEBUG] [mekanism.common.Mekanism/]: Received IMC message 'add_meka_suit_helmet_modules' from 'mekanism' for module 'mekanism:laser_dissipation_unit'.
[17mai.2026 19:30:21.102] [Worker-Main-8/DEBUG] [mekanism.common.Mekanism/]: Received IMC message 'add_meka_suit_helmet_modules' from 'mekanism' for module 'mekanism:radiation_shielding_unit'.
[17mai.2026 19:30:21.102] [Worker-Main-8/DEBUG] [mekanism.common.Mekanism/]: Received IMC message 'add_meka_suit_helmet_modules' from 'mekanism' for module 'mekanism:electrolytic_breathing_unit'.
[17mai.2026 19:30:21.102] [Worker-Main-8/DEBUG] [mekanism.common.Mekanism/]: Received IMC message 'add_meka_suit_helmet_modules' from 'mekanism' for module 'mekanism:inhalation_purification_unit'.
[17mai.2026 19:30:21.102] [Worker-Main-8/DEBUG] [mekanism.common.Mekanism/]: Received IMC message 'add_meka_suit_helmet_modules' from 'mekanism' for module 'mekanism:vision_enhancement_unit'.
[17mai.2026 19:30:21.102] [Worker-Main-8/DEBUG] [mekanism.common.Mekanism/]: Received IMC message 'add_meka_suit_helmet_modules' from 'mekanism' for module 'mekanism:nutritional_injection_unit'.
[17mai.2026 19:30:21.102] [Worker-Main-8/DEBUG] [mekanism.common.Mekanism/]: Received IMC message 'add_meka_suit_bodyarmor_modules' from 'mekanism' for module 'mekanism:energy_unit'.
[17mai.2026 19:30:21.102] [Worker-Main-8/DEBUG] [mekanism.common.Mekanism/]: Received IMC message 'add_meka_suit_bodyarmor_modules' from 'mekanism' for module 'mekanism:color_modulation_unit'.
[17mai.2026 19:30:21.102] [Worker-Main-8/DEBUG] [mekanism.common.Mekanism/]: Received IMC message 'add_meka_suit_bodyarmor_modules' from 'mekanism' for module 'mekanism:laser_dissipation_unit'.
[17mai.2026 19:30:21.102] [Worker-Main-8/DEBUG] [mekanism.common.Mekanism/]: Received IMC message 'add_meka_suit_bodyarmor_modules' from 'mekanism' for module 'mekanism:radiation_shielding_unit'.
[17mai.2026 19:30:21.102] [Worker-Main-8/DEBUG] [mekanism.common.Mekanism/]: Received IMC message 'add_meka_suit_bodyarmor_modules' from 'mekanism' for module 'mekanism:jetpack_unit'.
[17mai.2026 19:30:21.102] [Worker-Main-8/DEBUG] [mekanism.common.Mekanism/]: Received IMC message 'add_meka_suit_bodyarmor_modules' from 'mekanism' for module 'mekanism:gravitational_modulating_unit'.
[17mai.2026 19:30:21.102] [Worker-Main-8/DEBUG] [mekanism.common.Mekanism/]: Received IMC message 'add_meka_suit_bodyarmor_modules' from 'mekanism' for module 'mekanism:charge_distribution_unit'.
[17mai.2026 19:30:21.102] [Worker-Main-8/DEBUG] [mekanism.common.Mekanism/]: Received IMC message 'add_meka_suit_bodyarmor_modules' from 'mekanism' for module 'mekanism:dosimeter_unit'.
[17mai.2026 19:30:21.102] [Worker-Main-8/DEBUG] [mekanism.common.Mekanism/]: Received IMC message 'add_meka_suit_bodyarmor_modules' from 'mekanism' for module 'mekanism:geiger_unit'.
[17mai.2026 19:30:21.102] [Worker-Main-8/DEBUG] [mekanism.common.Mekanism/]: Received IMC message 'add_meka_suit_bodyarmor_modules' from 'mekanism' for module 'mekanism:elytra_unit'.
[17mai.2026 19:30:21.102] [Worker-Main-8/DEBUG] [mekanism.common.Mekanism/]: Received IMC message 'add_meka_suit_pants_modules' from 'mekanism' for module 'mekanism:energy_unit'.
[17mai.2026 19:30:21.102] [Worker-Main-8/DEBUG] [mekanism.common.Mekanism/]: Received IMC message 'add_meka_suit_pants_modules' from 'mekanism' for module 'mekanism:color_modulation_unit'.
[17mai.2026 19:30:21.102] [Worker-Main-8/DEBUG] [mekanism.common.Mekanism/]: Received IMC message 'add_meka_suit_pants_modules' from 'mekanism' for module 'mekanism:laser_dissipation_unit'.
[17mai.2026 19:30:21.102] [Worker-Main-8/DEBUG] [mekanism.common.Mekanism/]: Received IMC message 'add_meka_suit_pants_modules' from 'mekanism' for module 'mekanism:radiation_shielding_unit'.
[17mai.2026 19:30:21.102] [Worker-Main-8/DEBUG] [mekanism.common.Mekanism/]: Received IMC message 'add_meka_suit_pants_modules' from 'mekanism' for module 'mekanism:locomotive_boosting_unit'.
[17mai.2026 19:30:21.102] [Worker-Main-8/DEBUG] [mekanism.common.Mekanism/]: Received IMC message 'add_meka_suit_pants_modules' from 'mekanism' for module 'mekanism:gyroscopic_stabilization_unit'.
[17mai.2026 19:30:21.102] [Worker-Main-8/DEBUG] [mekanism.common.Mekanism/]: Received IMC message 'add_meka_suit_pants_modules' from 'mekanism' for module 'mekanism:hydrostatic_repulsor_unit'.
[17mai.2026 19:30:21.102] [Worker-Main-8/DEBUG] [mekanism.common.Mekanism/]: Received IMC message 'add_meka_suit_pants_modules' from 'mekanism' for module 'mekanism:motorized_servo_unit'.
[17mai.2026 19:30:21.102] [Worker-Main-8/DEBUG] [mekanism.common.Mekanism/]: Received IMC message 'add_meka_suit_boots_modules' from 'mekanism' for module 'mekanism:energy_unit'.
[17mai.2026 19:30:21.102] [Worker-Main-8/DEBUG] [mekanism.common.Mekanism/]: Received IMC message 'add_meka_suit_boots_modules' from 'mekanism' for module 'mekanism:color_modulation_unit'.
[17mai.2026 19:30:21.102] [Worker-Main-8/DEBUG] [mekanism.common.Mekanism/]: Received IMC message 'add_meka_suit_boots_modules' from 'mekanism' for module 'mekanism:laser_dissipation_unit'.
[17mai.2026 19:30:21.102] [Worker-Main-8/DEBUG] [mekanism.common.Mekanism/]: Received IMC message 'add_meka_suit_boots_modules' from 'mekanism' for module 'mekanism:radiation_shielding_unit'.
[17mai.2026 19:30:21.102] [Worker-Main-8/DEBUG] [mekanism.common.Mekanism/]: Received IMC message 'add_meka_suit_boots_modules' from 'mekanism' for module 'mekanism:hydraulic_propulsion_unit'.
[17mai.2026 19:30:21.102] [Worker-Main-8/DEBUG] [mekanism.common.Mekanism/]: Received IMC message 'add_meka_suit_boots_modules' from 'mekanism' for module 'mekanism:magnetic_attraction_unit'.
[17mai.2026 19:30:21.102] [Worker-Main-8/DEBUG] [mekanism.common.Mekanism/]: Received IMC message 'add_meka_suit_boots_modules' from 'mekanism' for module 'mekanism:frost_walker_unit'.
[17mai.2026 19:30:21.102] [Worker-Main-8/DEBUG] [mekanism.common.Mekanism/]: Received IMC message 'add_meka_suit_boots_modules' from 'mekanism' for module 'mekanism:soul_surfer_unit'.
[17mai.2026 19:30:21.512] [Render thread/WARN] [net.minecraft.client.sounds.SoundEngine/]: Missing sound for event: minecraft:item.goat_horn.play
[17mai.2026 19:30:21.512] [Render thread/WARN] [net.minecraft.client.sounds.SoundEngine/]: Missing sound for event: minecraft:entity.goat.screaming.horn_break
[17mai.2026 19:30:22.354] [Render thread/INFO] [com.mojang.blaze3d.audio.Library/]: OpenAL initialized on device OpenAL Soft on Alto-falantes (2- Realtek(R) Audio)
[17mai.2026 19:30:22.354] [Render thread/INFO] [net.minecraft.client.sounds.SoundEngine/SOUNDS]: Sound engine started
[17mai.2026 19:30:22.468] [Render thread/INFO] [net.minecraft.client.renderer.texture.TextureAtlas/]: Created: 2048x1024x4 minecraft:textures/atlas/blocks.png-atlas
[17mai.2026 19:30:23.539] [Render thread/INFO] [net.minecraft.client.renderer.texture.TextureAtlas/]: Created: 256x256x4 minecraft:textures/atlas/signs.png-atlas
[17mai.2026 19:30:23.550] [Render thread/INFO] [net.minecraft.client.renderer.texture.TextureAtlas/]: Created: 512x512x4 minecraft:textures/atlas/shield_patterns.png-atlas
[17mai.2026 19:30:23.573] [Render thread/INFO] [net.minecraft.client.renderer.texture.TextureAtlas/]: Created: 512x512x4 minecraft:textures/atlas/banner_patterns.png-atlas
[17mai.2026 19:30:23.588] [Render thread/INFO] [net.minecraft.client.renderer.texture.TextureAtlas/]: Created: 1024x1024x4 minecraft:textures/atlas/armor_trims.png-atlas
[17mai.2026 19:30:23.718] [Render thread/INFO] [net.minecraft.client.renderer.texture.TextureAtlas/]: Created: 256x256x4 minecraft:textures/atlas/chest.png-atlas
[17mai.2026 19:30:23.723] [Render thread/INFO] [net.minecraft.client.renderer.texture.TextureAtlas/]: Created: 128x64x4 minecraft:textures/atlas/decorated_pot.png-atlas
[17mai.2026 19:30:23.734] [Render thread/INFO] [net.minecraft.client.renderer.texture.TextureAtlas/]: Created: 512x256x4 minecraft:textures/atlas/beds.png-atlas
[17mai.2026 19:30:23.740] [Render thread/INFO] [net.minecraft.client.renderer.texture.TextureAtlas/]: Created: 512x256x4 minecraft:textures/atlas/shulker_boxes.png-atlas
[17mai.2026 19:30:23.887] [Render thread/DEBUG] [mekanism.common.Mekanism/]: Added Mekanism Elytra Layer to entity of type: minecraft:player
[17mai.2026 19:30:23.888] [Render thread/DEBUG] [mekanism.common.Mekanism/]: Added Mekanism Armor Layer to entity of type: minecraft:player
[17mai.2026 19:30:23.888] [Render thread/DEBUG] [mekanism.common.Mekanism/]: Added Mekanism Elytra Layer to entity of type: minecraft:player
[17mai.2026 19:30:23.888] [Render thread/DEBUG] [mekanism.common.Mekanism/]: Added Mekanism Armor Layer to entity of type: minecraft:player
[17mai.2026 19:30:23.888] [Render thread/DEBUG] [mekanism.common.Mekanism/]: Added Mekanism Elytra Layer to entity of type: minecraft:bogged
[17mai.2026 19:30:23.888] [Render thread/DEBUG] [mekanism.common.Mekanism/]: Added Mekanism Armor Layer to entity of type: minecraft:bogged
[17mai.2026 19:30:23.888] [Render thread/DEBUG] [mekanism.common.Mekanism/]: Added Mekanism Elytra Layer to entity of type: minecraft:armor_stand
[17mai.2026 19:30:23.888] [Render thread/DEBUG] [mekanism.common.Mekanism/]: Added Mekanism Armor Layer to entity of type: minecraft:armor_stand
[17mai.2026 19:30:23.888] [Render thread/DEBUG] [mekanism.common.Mekanism/]: Added Mekanism Elytra Layer to entity of type: minecraft:drowned
[17mai.2026 19:30:23.888] [Render thread/DEBUG] [mekanism.common.Mekanism/]: Added Mekanism Armor Layer to entity of type: minecraft:drowned
[17mai.2026 19:30:23.888] [Render thread/DEBUG] [mekanism.common.Mekanism/]: Added Mekanism Elytra Layer to entity of type: minecraft:husk
[17mai.2026 19:30:23.888] [Render thread/DEBUG] [mekanism.common.Mekanism/]: Added Mekanism Armor Layer to entity of type: minecraft:husk
[17mai.2026 19:30:23.888] [Render thread/DEBUG] [mekanism.common.Mekanism/]: Added Mekanism Elytra Layer to entity of type: minecraft:zombified_piglin
[17mai.2026 19:30:23.888] [Render thread/DEBUG] [mekanism.common.Mekanism/]: Added Mekanism Armor Layer to entity of type: minecraft:zombified_piglin
[17mai.2026 19:30:23.888] [Render thread/DEBUG] [mekanism.common.Mekanism/]: Added Mekanism Armor Layer to entity of type: minecraft:giant
[17mai.2026 19:30:23.888] [Render thread/DEBUG] [mekanism.common.Mekanism/]: Added Mekanism Elytra Layer to entity of type: minecraft:wither_skeleton
[17mai.2026 19:30:23.888] [Render thread/DEBUG] [mekanism.common.Mekanism/]: Added Mekanism Armor Layer to entity of type: minecraft:wither_skeleton
[17mai.2026 19:30:23.888] [Render thread/DEBUG] [mekanism.common.Mekanism/]: Added Mekanism Elytra Layer to entity of type: minecraft:piglin_brute
[17mai.2026 19:30:23.888] [Render thread/DEBUG] [mekanism.common.Mekanism/]: Added Mekanism Armor Layer to entity of type: minecraft:piglin_brute
[17mai.2026 19:30:23.888] [Render thread/DEBUG] [mekanism.common.Mekanism/]: Added Mekanism Elytra Layer to entity of type: minecraft:zombie
[17mai.2026 19:30:23.888] [Render thread/DEBUG] [mekanism.common.Mekanism/]: Added Mekanism Armor Layer to entity of type: minecraft:zombie
[17mai.2026 19:30:23.888] [Render thread/DEBUG] [mekanism.common.Mekanism/]: Added Mekanism Elytra Layer to entity of type: minecraft:zombie_villager
[17mai.2026 19:30:23.888] [Render thread/DEBUG] [mekanism.common.Mekanism/]: Added Mekanism Armor Layer to entity of type: minecraft:zombie_villager
[17mai.2026 19:30:23.888] [Render thread/DEBUG] [mekanism.common.Mekanism/]: Added Mekanism Elytra Layer to entity of type: minecraft:skeleton
[17mai.2026 19:30:23.888] [Render thread/DEBUG] [mekanism.common.Mekanism/]: Added Mekanism Armor Layer to entity of type: minecraft:skeleton
[17mai.2026 19:30:23.888] [Render thread/DEBUG] [mekanism.common.Mekanism/]: Added Mekanism Elytra Layer to entity of type: minecraft:stray
[17mai.2026 19:30:23.888] [Render thread/DEBUG] [mekanism.common.Mekanism/]: Added Mekanism Armor Layer to entity of type: minecraft:stray
[17mai.2026 19:30:23.888] [Render thread/DEBUG] [mekanism.common.Mekanism/]: Added Mekanism Elytra Layer to entity of type: minecraft:piglin
[17mai.2026 19:30:23.888] [Render thread/DEBUG] [mekanism.common.Mekanism/]: Added Mekanism Armor Layer to entity of type: minecraft:piglin
[17mai.2026 19:30:23.888] [Render thread/INFO] [net.minecraft.client.renderer.texture.TextureAtlas/]: Created: 512x256x0 minecraft:textures/atlas/particles.png-atlas
[17mai.2026 19:30:23.934] [Render thread/INFO] [net.minecraft.client.renderer.texture.TextureAtlas/]: Created: 512x256x0 minecraft:textures/atlas/paintings.png-atlas
[17mai.2026 19:30:23.954] [Render thread/INFO] [net.minecraft.client.renderer.texture.TextureAtlas/]: Created: 256x128x0 minecraft:textures/atlas/mob_effects.png-atlas
[17mai.2026 19:30:23.961] [Render thread/INFO] [net.minecraft.client.renderer.texture.TextureAtlas/]: Created: 64x64x0 minecraft:textures/atlas/map_decorations.png-atlas
[17mai.2026 19:30:23.967] [Render thread/INFO] [net.minecraft.client.renderer.texture.TextureAtlas/]: Created: 1024x512x0 minecraft:textures/atlas/gui.png-atlas
[17mai.2026 19:30:24.010] [Render thread/DEBUG] [guideme.render.GuiAssets/]: Resetting 8 GUI sprites.
[17mai.2026 19:30:24.077] [Render thread/WARN] [net.minecraft.client.renderer.ShaderInstance/]: Shader rendertype_entity_translucent_emissive could not find sampler named Sampler2 in the specified shader program.
[17mai.2026 19:30:24.190] [Render thread/INFO] [net.minecraft.client.renderer.texture.TextureAtlas/]: Created: 512x256x0 mekanism:textures/atlas/robit.png-atlas
[17mai.2026 19:30:24.198] [Render thread/INFO] [guideme.internal.GuideReloadListener/]: Data driven guides: []
[17mai.2026 19:30:24.210] [Render thread/INFO] [net.neoforged.neoforge.client.entity.animation.json.AnimationLoader/]: Loaded 0 entity animations
[17mai.2026 19:30:30.708] [Worker-Main-8/INFO] [AE2:C/]: Scanning class appeng.server.testplots.AutoCraftingTestPlots for plots
[17mai.2026 19:30:30.713] [Worker-Main-8/INFO] [AE2:C/]: Scanning class appeng.server.testplots.SpawnExtraGridTestTools for plots
[17mai.2026 19:30:30.713] [Worker-Main-8/INFO] [AE2:C/]: Scanning class appeng.server.testplots.PatternProviderPlots for plots
[17mai.2026 19:30:30.713] [Worker-Main-8/INFO] [AE2:C/]: Scanning class appeng.server.testplots.CrystalResonanceGeneratorTestPlots for plots
[17mai.2026 19:30:30.713] [Worker-Main-8/INFO] [AE2:C/]: Scanning class appeng.server.testplots.InterfaceTestPlots for plots
[17mai.2026 19:30:30.713] [Worker-Main-8/INFO] [AE2:C/]: Scanning class appeng.server.testplots.PatternProviderLockModePlots for plots
[17mai.2026 19:30:30.713] [Worker-Main-8/INFO] [AE2:C/]: Scanning class appeng.server.testplots.ItemP2PTestPlots for plots
[17mai.2026 19:30:30.713] [Worker-Main-8/INFO] [AE2:C/]: Scanning class appeng.server.testplots.InvalidPatternTestPlot for plots
[17mai.2026 19:30:30.713] [Worker-Main-8/INFO] [AE2:C/]: Scanning class appeng.server.testplots.MemoryCardTestPlots for plots
[17mai.2026 19:30:30.713] [Worker-Main-8/INFO] [AE2:C/]: Scanning class appeng.server.testplots.AnnihilationPlaneTests for plots
[17mai.2026 19:30:30.713] [Worker-Main-8/INFO] [AE2:C/]: Scanning class appeng.server.testplots.InscriberTestPlots for plots
[17mai.2026 19:30:30.722] [Worker-Main-8/INFO] [AE2:C/]: Scanning class appeng.server.testplots.GuidebookPlot for plots
[17mai.2026 19:30:30.722] [Worker-Main-8/INFO] [AE2:C/]: Scanning class appeng.server.testplots.SubnetPlots for plots
[17mai.2026 19:30:30.722] [Worker-Main-8/INFO] [AE2:C/]: Scanning class appeng.server.testplots.P2PTestPlots for plots
[17mai.2026 19:30:30.722] [Worker-Main-8/INFO] [AE2:C/]: Scanning class appeng.server.testplots.QnbTestPlots for plots
[17mai.2026 19:30:30.722] [Worker-Main-8/INFO] [AE2:C/]: Scanning class appeng.server.testplots.ExternalEnergyTestPlots for plots
[17mai.2026 19:30:30.722] [Worker-Main-8/INFO] [AE2:C/]: Scanning class appeng.server.testplots.ChannelTests for plots
[17mai.2026 19:30:30.723] [Worker-Main-8/INFO] [AE2:C/]: Scanning class appeng.server.testplots.TestPlots for plots
[17mai.2026 19:30:30.724] [Worker-Main-8/INFO] [AE2:C/]: Scanning class appeng.server.testplots.SpatialTestPlots for plots
[17mai.2026 19:30:31.301] [Render thread/ERROR] [net.minecraft.world.item.crafting.RecipeManager/]: Parsing error loading recipe legendarynetherstarfurnace:quantum_singularity_gear
com.google.gson.JsonParseException: Map entry 'E' : Failed to parse either. First: Not a json array: {"item":"advancedae:quantum_singularity"}; Second: No key tag in MapLike[{"item":"advancedae:quantum_singularity"}]; Unknown registry key in ResourceKey[minecraft:root / minecraft:item]: advancedae:quantum_singularity
	at MC-BOOTSTRAP/datafixerupper@8.0.16/com.mojang.serialization.DataResult$Error.getOrThrow(DataResult.java:287) ~[datafixerupper-8.0.16.jar%23121!/:?]
	at TRANSFORMER/minecraft@1.21.1/net.minecraft.world.item.crafting.RecipeManager.apply(RecipeManager.java:60) ~[neoforge-21.1.228.jar%23194!/:?]
	at TRANSFORMER/minecraft@1.21.1/net.minecraft.world.item.crafting.RecipeManager.apply(RecipeManager.java:36) ~[neoforge-21.1.228.jar%23194!/:?]
	at TRANSFORMER/minecraft@1.21.1/net.minecraft.server.packs.resources.SimplePreparableReloadListener.lambda$reload$1(SimplePreparableReloadListener.java:19) ~[neoforge-21.1.228.jar%23194!/:?]
	at java.base/java.util.concurrent.CompletableFuture$UniAccept.tryFire$$$capture(CompletableFuture.java:718) ~[?:?]
	at java.base/java.util.concurrent.CompletableFuture$UniAccept.tryFire(CompletableFuture.java) ~[?:?]
	at java.base/java.util.concurrent.CompletableFuture$Completion.run(CompletableFuture.java:482) ~[?:?]
	at TRANSFORMER/minecraft@1.21.1/net.minecraft.server.packs.resources.SimpleReloadInstance.lambda$new$3(SimpleReloadInstance.java:86) ~[neoforge-21.1.228.jar%23194!/:?]
	at TRANSFORMER/minecraft@1.21.1/net.minecraft.util.thread.BlockableEventLoop.doRunTask(BlockableEventLoop.java:151) ~[neoforge-21.1.228.jar%23194!/:?]
	at TRANSFORMER/minecraft@1.21.1/net.minecraft.util.thread.ReentrantBlockableEventLoop.doRunTask(ReentrantBlockableEventLoop.java:24) ~[neoforge-21.1.228.jar%23194!/:?]
	at TRANSFORMER/minecraft@1.21.1/net.minecraft.util.thread.BlockableEventLoop.pollTask(BlockableEventLoop.java:122) ~[neoforge-21.1.228.jar%23194!/:?]
	at TRANSFORMER/minecraft@1.21.1/net.minecraft.util.thread.BlockableEventLoop.managedBlock(BlockableEventLoop.java:135) ~[neoforge-21.1.228.jar%23194!/:?]
	at TRANSFORMER/minecraft@1.21.1/net.minecraft.client.gui.screens.worldselection.WorldOpenFlows.loadWorldDataBlocking(WorldOpenFlows.java:201) ~[neoforge-21.1.228.jar%23194!/:?]
	at TRANSFORMER/minecraft@1.21.1/net.minecraft.client.gui.screens.worldselection.WorldOpenFlows.loadWorldStem(WorldOpenFlows.java:142) ~[neoforge-21.1.228.jar%23194!/:?]
	at TRANSFORMER/minecraft@1.21.1/net.minecraft.client.gui.screens.worldselection.WorldOpenFlows.openWorldLoadLevelStem(WorldOpenFlows.java:346) ~[neoforge-21.1.228.jar%23194!/:?]
	at TRANSFORMER/minecraft@1.21.1/net.minecraft.client.gui.screens.worldselection.WorldOpenFlows.openWorldCheckVersionCompatibility(WorldOpenFlows.java:335) ~[neoforge-21.1.228.jar%23194!/:?]
	at TRANSFORMER/minecraft@1.21.1/net.minecraft.client.gui.screens.worldselection.WorldOpenFlows.openWorldLoadLevelData(WorldOpenFlows.java:297) ~[neoforge-21.1.228.jar%23194!/:?]
	at TRANSFORMER/minecraft@1.21.1/net.minecraft.client.gui.screens.worldselection.WorldOpenFlows.openWorld(WorldOpenFlows.java:261) ~[neoforge-21.1.228.jar%23194!/:?]
	at TRANSFORMER/minecraft@1.21.1/net.minecraft.client.gui.screens.worldselection.WorldSelectionList$WorldListEntry.joinWorld(WorldSelectionList.java:516) ~[neoforge-21.1.228.jar%23194!/:?]
	at TRANSFORMER/minecraft@1.21.1/net.minecraft.client.gui.screens.worldselection.WorldSelectionList$WorldListEntry.mouseClicked(WorldSelectionList.java:499) ~[neoforge-21.1.228.jar%23194!/:?]
	at TRANSFORMER/minecraft@1.21.1/net.minecraft.client.gui.components.AbstractSelectionList.mouseClicked(AbstractSelectionList.java:303) ~[neoforge-21.1.228.jar%23194!/:?]
	at TRANSFORMER/minecraft@1.21.1/net.minecraft.client.gui.components.events.ContainerEventHandler.mouseClicked(ContainerEventHandler.java:52) ~[neoforge-21.1.228.jar%23194!/:?]
	at TRANSFORMER/minecraft@1.21.1/net.minecraft.client.MouseHandler.lambda$onPress$0(MouseHandler.java:103) ~[neoforge-21.1.228.jar%23194!/:?]
	at TRANSFORMER/minecraft@1.21.1/net.minecraft.client.gui.screens.Screen.wrapScreenError(Screen.java:471) ~[neoforge-21.1.228.jar%23194!/:?]
	at TRANSFORMER/minecraft@1.21.1/net.minecraft.client.MouseHandler.onPress(MouseHandler.java:100) ~[neoforge-21.1.228.jar%23194!/:?]
	at TRANSFORMER/minecraft@1.21.1/net.minecraft.client.MouseHandler.lambda$setup$4(MouseHandler.java:212) ~[neoforge-21.1.228.jar%23194!/:?]
	at TRANSFORMER/minecraft@1.21.1/net.minecraft.util.thread.BlockableEventLoop.execute(BlockableEventLoop.java:98) ~[neoforge-21.1.228.jar%23194!/:?]
	at TRANSFORMER/minecraft@1.21.1/net.minecraft.client.MouseHandler.lambda$setup$5(MouseHandler.java:212) ~[neoforge-21.1.228.jar%23194!/:?]
	at MC-BOOTSTRAP/org.lwjgl.glfw@3.3.3+5/org.lwjgl.glfw.GLFWMouseButtonCallbackI.callback(GLFWMouseButtonCallbackI.java:43) ~[lwjgl-glfw-3.3.3.jar%23172!/:build 5]
	at MC-BOOTSTRAP/org.lwjgl@3.3.3+5/org.lwjgl.system.JNI.invokeV(Native Method) ~[lwjgl-3.3.3.jar%23183!/:build 5]
	at MC-BOOTSTRAP/org.lwjgl.glfw@3.3.3+5/org.lwjgl.glfw.GLFW.glfwPollEvents(GLFW.java:3438) ~[lwjgl-glfw-3.3.3.jar%23172!/:build 5]
	at TRANSFORMER/minecraft@1.21.1/com.mojang.blaze3d.systems.RenderSystem.pollEvents(RenderSystem.java:134) ~[neoforge-21.1.228.jar%23194!/:?]
	at TRANSFORMER/minecraft@1.21.1/com.mojang.blaze3d.systems.RenderSystem.flipFrame(RenderSystem.java:143) ~[neoforge-21.1.228.jar%23194!/:?]
	at TRANSFORMER/minecraft@1.21.1/com.mojang.blaze3d.platform.Window.updateDisplay(Window.java:296) ~[neoforge-21.1.228.jar%23194!/:?]
	at TRANSFORMER/minecraft@1.21.1/net.minecraft.client.Minecraft.runTick(Minecraft.java:1223) ~[neoforge-21.1.228.jar%23194!/:?]
	at TRANSFORMER/minecraft@1.21.1/net.minecraft.client.Minecraft.run(Minecraft.java:813) ~[neoforge-21.1.228.jar%23194!/:?]
	at TRANSFORMER/minecraft@1.21.1/net.minecraft.client.main.Main.main(Main.java:230) ~[neoforge-21.1.228.jar%23194!/:?]
	at java.base/jdk.internal.reflect.DirectMethodHandleAccessor.invoke(DirectMethodHandleAccessor.java:103) ~[?:?]
	at java.base/java.lang.reflect.Method.invoke(Method.java:580) ~[?:?]
	at MC-BOOTSTRAP/fml_loader@4.0.42/net.neoforged.fml.loading.targets.CommonLaunchHandler.runTarget(CommonLaunchHandler.java:136) ~[loader-4.0.42.jar%23146!/:4.0]
	at MC-BOOTSTRAP/fml_loader@4.0.42/net.neoforged.fml.loading.targets.CommonLaunchHandler.clientService(CommonLaunchHandler.java:124) ~[loader-4.0.42.jar%23146!/:4.0]
	at MC-BOOTSTRAP/fml_loader@4.0.42/net.neoforged.fml.loading.targets.NeoForgeClientDevLaunchHandler.runService(NeoForgeClientDevLaunchHandler.java:23) ~[loader-4.0.42.jar%23146!/:4.0]
	at MC-BOOTSTRAP/fml_loader@4.0.42/net.neoforged.fml.loading.targets.CommonLaunchHandler.lambda$launchService$4(CommonLaunchHandler.java:118) ~[loader-4.0.42.jar%23146!/:4.0]
	at MC-BOOTSTRAP/cpw.mods.modlauncher@11.0.5/cpw.mods.modlauncher.LaunchServiceHandlerDecorator.launch(LaunchServiceHandlerDecorator.java:30) [modlauncher-11.0.5.jar%23128!/:?]
	at MC-BOOTSTRAP/cpw.mods.modlauncher@11.0.5/cpw.mods.modlauncher.LaunchServiceHandler.launch(LaunchServiceHandler.java:53) [modlauncher-11.0.5.jar%23128!/:?]
	at MC-BOOTSTRAP/cpw.mods.modlauncher@11.0.5/cpw.mods.modlauncher.LaunchServiceHandler.launch(LaunchServiceHandler.java:71) [modlauncher-11.0.5.jar%23128!/:?]
	at MC-BOOTSTRAP/cpw.mods.modlauncher@11.0.5/cpw.mods.modlauncher.Launcher.run(Launcher.java:103) [modlauncher-11.0.5.jar%23128!/:?]
	at MC-BOOTSTRAP/cpw.mods.modlauncher@11.0.5/cpw.mods.modlauncher.Launcher.main(Launcher.java:74) [modlauncher-11.0.5.jar%23128!/:?]
	at MC-BOOTSTRAP/cpw.mods.modlauncher@11.0.5/cpw.mods.modlauncher.BootstrapLaunchConsumer.accept(BootstrapLaunchConsumer.java:26) [modlauncher-11.0.5.jar%23128!/:?]
	at MC-BOOTSTRAP/cpw.mods.modlauncher@11.0.5/cpw.mods.modlauncher.BootstrapLaunchConsumer.accept(BootstrapLaunchConsumer.java:23) [modlauncher-11.0.5.jar%23128!/:?]
	at cpw.mods.bootstraplauncher@2.0.2/cpw.mods.bootstraplauncher.BootstrapLauncher.run(BootstrapLauncher.java:210) [bootstraplauncher-2.0.2.jar:?]
	at cpw.mods.bootstraplauncher@2.0.2/cpw.mods.bootstraplauncher.BootstrapLauncher.main(BootstrapLauncher.java:69) [bootstraplauncher-2.0.2.jar:?]
	at java.base/jdk.internal.reflect.DirectMethodHandleAccessor.invoke(DirectMethodHandleAccessor.java:103) ~[?:?]
	at java.base/java.lang.reflect.Method.invoke(Method.java:580) ~[?:?]
	at net.neoforged.devlaunch.Main.main(Main.java:57) [DevLaunch-1.0.2.jar:?]
[17mai.2026 19:30:31.347] [Render thread/ERROR] [net.minecraft.world.item.crafting.RecipeManager/]: Parsing error loading recipe advanced_ae:wt_combine_encoding
com.google.gson.JsonParseException: Unknown registry key in ResourceKey[minecraft:root / minecraft:recipe_serializer]: ae2wtlib:combine
	at MC-BOOTSTRAP/datafixerupper@8.0.16/com.mojang.serialization.DataResult$Error.getOrThrow(DataResult.java:287) ~[datafixerupper-8.0.16.jar%23121!/:?]
	at TRANSFORMER/minecraft@1.21.1/net.minecraft.world.item.crafting.RecipeManager.apply(RecipeManager.java:60) ~[neoforge-21.1.228.jar%23194!/:?]
	at TRANSFORMER/minecraft@1.21.1/net.minecraft.world.item.crafting.RecipeManager.apply(RecipeManager.java:36) ~[neoforge-21.1.228.jar%23194!/:?]
	at TRANSFORMER/minecraft@1.21.1/net.minecraft.server.packs.resources.SimplePreparableReloadListener.lambda$reload$1(SimplePreparableReloadListener.java:19) ~[neoforge-21.1.228.jar%23194!/:?]
	at java.base/java.util.concurrent.CompletableFuture$UniAccept.tryFire$$$capture(CompletableFuture.java:718) ~[?:?]
	at java.base/java.util.concurrent.CompletableFuture$UniAccept.tryFire(CompletableFuture.java) ~[?:?]
	at java.base/java.util.concurrent.CompletableFuture$Completion.run(CompletableFuture.java:482) ~[?:?]
	at TRANSFORMER/minecraft@1.21.1/net.minecraft.server.packs.resources.SimpleReloadInstance.lambda$new$3(SimpleReloadInstance.java:86) ~[neoforge-21.1.228.jar%23194!/:?]
	at TRANSFORMER/minecraft@1.21.1/net.minecraft.util.thread.BlockableEventLoop.doRunTask(BlockableEventLoop.java:151) ~[neoforge-21.1.228.jar%23194!/:?]
	at TRANSFORMER/minecraft@1.21.1/net.minecraft.util.thread.ReentrantBlockableEventLoop.doRunTask(ReentrantBlockableEventLoop.java:24) ~[neoforge-21.1.228.jar%23194!/:?]
	at TRANSFORMER/minecraft@1.21.1/net.minecraft.util.thread.BlockableEventLoop.pollTask(BlockableEventLoop.java:122) ~[neoforge-21.1.228.jar%23194!/:?]
	at TRANSFORMER/minecraft@1.21.1/net.minecraft.util.thread.BlockableEventLoop.managedBlock(BlockableEventLoop.java:135) ~[neoforge-21.1.228.jar%23194!/:?]
	at TRANSFORMER/minecraft@1.21.1/net.minecraft.client.gui.screens.worldselection.WorldOpenFlows.loadWorldDataBlocking(WorldOpenFlows.java:201) ~[neoforge-21.1.228.jar%23194!/:?]
	at TRANSFORMER/minecraft@1.21.1/net.minecraft.client.gui.screens.worldselection.WorldOpenFlows.loadWorldStem(WorldOpenFlows.java:142) ~[neoforge-21.1.228.jar%23194!/:?]
	at TRANSFORMER/minecraft@1.21.1/net.minecraft.client.gui.screens.worldselection.WorldOpenFlows.openWorldLoadLevelStem(WorldOpenFlows.java:346) ~[neoforge-21.1.228.jar%23194!/:?]
	at TRANSFORMER/minecraft@1.21.1/net.minecraft.client.gui.screens.worldselection.WorldOpenFlows.openWorldCheckVersionCompatibility(WorldOpenFlows.java:335) ~[neoforge-21.1.228.jar%23194!/:?]
	at TRANSFORMER/minecraft@1.21.1/net.minecraft.client.gui.screens.worldselection.WorldOpenFlows.openWorldLoadLevelData(WorldOpenFlows.java:297) ~[neoforge-21.1.228.jar%23194!/:?]
	at TRANSFORMER/minecraft@1.21.1/net.minecraft.client.gui.screens.worldselection.WorldOpenFlows.openWorld(WorldOpenFlows.java:261) ~[neoforge-21.1.228.jar%23194!/:?]
	at TRANSFORMER/minecraft@1.21.1/net.minecraft.client.gui.screens.worldselection.WorldSelectionList$WorldListEntry.joinWorld(WorldSelectionList.java:516) ~[neoforge-21.1.228.jar%23194!/:?]
	at TRANSFORMER/minecraft@1.21.1/net.minecraft.client.gui.screens.worldselection.WorldSelectionList$WorldListEntry.mouseClicked(WorldSelectionList.java:499) ~[neoforge-21.1.228.jar%23194!/:?]
	at TRANSFORMER/minecraft@1.21.1/net.minecraft.client.gui.components.AbstractSelectionList.mouseClicked(AbstractSelectionList.java:303) ~[neoforge-21.1.228.jar%23194!/:?]
	at TRANSFORMER/minecraft@1.21.1/net.minecraft.client.gui.components.events.ContainerEventHandler.mouseClicked(ContainerEventHandler.java:52) ~[neoforge-21.1.228.jar%23194!/:?]
	at TRANSFORMER/minecraft@1.21.1/net.minecraft.client.MouseHandler.lambda$onPress$0(MouseHandler.java:103) ~[neoforge-21.1.228.jar%23194!/:?]
	at TRANSFORMER/minecraft@1.21.1/net.minecraft.client.gui.screens.Screen.wrapScreenError(Screen.java:471) ~[neoforge-21.1.228.jar%23194!/:?]
	at TRANSFORMER/minecraft@1.21.1/net.minecraft.client.MouseHandler.onPress(MouseHandler.java:100) ~[neoforge-21.1.228.jar%23194!/:?]
	at TRANSFORMER/minecraft@1.21.1/net.minecraft.client.MouseHandler.lambda$setup$4(MouseHandler.java:212) ~[neoforge-21.1.228.jar%23194!/:?]
	at TRANSFORMER/minecraft@1.21.1/net.minecraft.util.thread.BlockableEventLoop.execute(BlockableEventLoop.java:98) ~[neoforge-21.1.228.jar%23194!/:?]
	at TRANSFORMER/minecraft@1.21.1/net.minecraft.client.MouseHandler.lambda$setup$5(MouseHandler.java:212) ~[neoforge-21.1.228.jar%23194!/:?]
	at MC-BOOTSTRAP/org.lwjgl.glfw@3.3.3+5/org.lwjgl.glfw.GLFWMouseButtonCallbackI.callback(GLFWMouseButtonCallbackI.java:43) ~[lwjgl-glfw-3.3.3.jar%23172!/:build 5]
	at MC-BOOTSTRAP/org.lwjgl@3.3.3+5/org.lwjgl.system.JNI.invokeV(Native Method) ~[lwjgl-3.3.3.jar%23183!/:build 5]
	at MC-BOOTSTRAP/org.lwjgl.glfw@3.3.3+5/org.lwjgl.glfw.GLFW.glfwPollEvents(GLFW.java:3438) ~[lwjgl-glfw-3.3.3.jar%23172!/:build 5]
	at TRANSFORMER/minecraft@1.21.1/com.mojang.blaze3d.systems.RenderSystem.pollEvents(RenderSystem.java:134) ~[neoforge-21.1.228.jar%23194!/:?]
	at TRANSFORMER/minecraft@1.21.1/com.mojang.blaze3d.systems.RenderSystem.flipFrame(RenderSystem.java:143) ~[neoforge-21.1.228.jar%23194!/:?]
	at TRANSFORMER/minecraft@1.21.1/com.mojang.blaze3d.platform.Window.updateDisplay(Window.java:296) ~[neoforge-21.1.228.jar%23194!/:?]
	at TRANSFORMER/minecraft@1.21.1/net.minecraft.client.Minecraft.runTick(Minecraft.java:1223) ~[neoforge-21.1.228.jar%23194!/:?]
	at TRANSFORMER/minecraft@1.21.1/net.minecraft.client.Minecraft.run(Minecraft.java:813) ~[neoforge-21.1.228.jar%23194!/:?]
	at TRANSFORMER/minecraft@1.21.1/net.minecraft.client.main.Main.main(Main.java:230) ~[neoforge-21.1.228.jar%23194!/:?]
	at java.base/jdk.internal.reflect.DirectMethodHandleAccessor.invoke(DirectMethodHandleAccessor.java:103) ~[?:?]
	at java.base/java.lang.reflect.Method.invoke(Method.java:580) ~[?:?]
	at MC-BOOTSTRAP/fml_loader@4.0.42/net.neoforged.fml.loading.targets.CommonLaunchHandler.runTarget(CommonLaunchHandler.java:136) ~[loader-4.0.42.jar%23146!/:4.0]
	at MC-BOOTSTRAP/fml_loader@4.0.42/net.neoforged.fml.loading.targets.CommonLaunchHandler.clientService(CommonLaunchHandler.java:124) ~[loader-4.0.42.jar%23146!/:4.0]
	at MC-BOOTSTRAP/fml_loader@4.0.42/net.neoforged.fml.loading.targets.NeoForgeClientDevLaunchHandler.runService(NeoForgeClientDevLaunchHandler.java:23) ~[loader-4.0.42.jar%23146!/:4.0]
	at MC-BOOTSTRAP/fml_loader@4.0.42/net.neoforged.fml.loading.targets.CommonLaunchHandler.lambda$launchService$4(CommonLaunchHandler.java:118) ~[loader-4.0.42.jar%23146!/:4.0]
	at MC-BOOTSTRAP/cpw.mods.modlauncher@11.0.5/cpw.mods.modlauncher.LaunchServiceHandlerDecorator.launch(LaunchServiceHandlerDecorator.java:30) [modlauncher-11.0.5.jar%23128!/:?]
	at MC-BOOTSTRAP/cpw.mods.modlauncher@11.0.5/cpw.mods.modlauncher.LaunchServiceHandler.launch(LaunchServiceHandler.java:53) [modlauncher-11.0.5.jar%23128!/:?]
	at MC-BOOTSTRAP/cpw.mods.modlauncher@11.0.5/cpw.mods.modlauncher.LaunchServiceHandler.launch(LaunchServiceHandler.java:71) [modlauncher-11.0.5.jar%23128!/:?]
	at MC-BOOTSTRAP/cpw.mods.modlauncher@11.0.5/cpw.mods.modlauncher.Launcher.run(Launcher.java:103) [modlauncher-11.0.5.jar%23128!/:?]
	at MC-BOOTSTRAP/cpw.mods.modlauncher@11.0.5/cpw.mods.modlauncher.Launcher.main(Launcher.java:74) [modlauncher-11.0.5.jar%23128!/:?]
	at MC-BOOTSTRAP/cpw.mods.modlauncher@11.0.5/cpw.mods.modlauncher.BootstrapLaunchConsumer.accept(BootstrapLaunchConsumer.java:26) [modlauncher-11.0.5.jar%23128!/:?]
	at MC-BOOTSTRAP/cpw.mods.modlauncher@11.0.5/cpw.mods.modlauncher.BootstrapLaunchConsumer.accept(BootstrapLaunchConsumer.java:23) [modlauncher-11.0.5.jar%23128!/:?]
	at cpw.mods.bootstraplauncher@2.0.2/cpw.mods.bootstraplauncher.BootstrapLauncher.run(BootstrapLauncher.java:210) [bootstraplauncher-2.0.2.jar:?]
	at cpw.mods.bootstraplauncher@2.0.2/cpw.mods.bootstraplauncher.BootstrapLauncher.main(BootstrapLauncher.java:69) [bootstraplauncher-2.0.2.jar:?]
	at java.base/jdk.internal.reflect.DirectMethodHandleAccessor.invoke(DirectMethodHandleAccessor.java:103) ~[?:?]
	at java.base/java.lang.reflect.Method.invoke(Method.java:580) ~[?:?]
	at net.neoforged.devlaunch.Main.main(Main.java:57) [DevLaunch-1.0.2.jar:?]
[17mai.2026 19:30:31.367] [Render thread/ERROR] [net.minecraft.world.item.crafting.RecipeManager/]: Parsing error loading recipe advanced_ae:wt_upgrade_quantum_crafter_terminal
com.google.gson.JsonParseException: Unknown registry key in ResourceKey[minecraft:root / minecraft:recipe_serializer]: ae2wtlib:upgrade
	at MC-BOOTSTRAP/datafixerupper@8.0.16/com.mojang.serialization.DataResult$Error.getOrThrow(DataResult.java:287) ~[datafixerupper-8.0.16.jar%23121!/:?]
	at TRANSFORMER/minecraft@1.21.1/net.minecraft.world.item.crafting.RecipeManager.apply(RecipeManager.java:60) ~[neoforge-21.1.228.jar%23194!/:?]
	at TRANSFORMER/minecraft@1.21.1/net.minecraft.world.item.crafting.RecipeManager.apply(RecipeManager.java:36) ~[neoforge-21.1.228.jar%23194!/:?]
	at TRANSFORMER/minecraft@1.21.1/net.minecraft.server.packs.resources.SimplePreparableReloadListener.lambda$reload$1(SimplePreparableReloadListener.java:19) ~[neoforge-21.1.228.jar%23194!/:?]
	at java.base/java.util.concurrent.CompletableFuture$UniAccept.tryFire$$$capture(CompletableFuture.java:718) ~[?:?]
	at java.base/java.util.concurrent.CompletableFuture$UniAccept.tryFire(CompletableFuture.java) ~[?:?]
	at java.base/java.util.concurrent.CompletableFuture$Completion.run(CompletableFuture.java:482) ~[?:?]
	at TRANSFORMER/minecraft@1.21.1/net.minecraft.server.packs.resources.SimpleReloadInstance.lambda$new$3(SimpleReloadInstance.java:86) ~[neoforge-21.1.228.jar%23194!/:?]
	at TRANSFORMER/minecraft@1.21.1/net.minecraft.util.thread.BlockableEventLoop.doRunTask(BlockableEventLoop.java:151) ~[neoforge-21.1.228.jar%23194!/:?]
	at TRANSFORMER/minecraft@1.21.1/net.minecraft.util.thread.ReentrantBlockableEventLoop.doRunTask(ReentrantBlockableEventLoop.java:24) ~[neoforge-21.1.228.jar%23194!/:?]
	at TRANSFORMER/minecraft@1.21.1/net.minecraft.util.thread.BlockableEventLoop.pollTask(BlockableEventLoop.java:122) ~[neoforge-21.1.228.jar%23194!/:?]
	at TRANSFORMER/minecraft@1.21.1/net.minecraft.util.thread.BlockableEventLoop.managedBlock(BlockableEventLoop.java:135) ~[neoforge-21.1.228.jar%23194!/:?]
	at TRANSFORMER/minecraft@1.21.1/net.minecraft.client.gui.screens.worldselection.WorldOpenFlows.loadWorldDataBlocking(WorldOpenFlows.java:201) ~[neoforge-21.1.228.jar%23194!/:?]
	at TRANSFORMER/minecraft@1.21.1/net.minecraft.client.gui.screens.worldselection.WorldOpenFlows.loadWorldStem(WorldOpenFlows.java:142) ~[neoforge-21.1.228.jar%23194!/:?]
	at TRANSFORMER/minecraft@1.21.1/net.minecraft.client.gui.screens.worldselection.WorldOpenFlows.openWorldLoadLevelStem(WorldOpenFlows.java:346) ~[neoforge-21.1.228.jar%23194!/:?]
	at TRANSFORMER/minecraft@1.21.1/net.minecraft.client.gui.screens.worldselection.WorldOpenFlows.openWorldCheckVersionCompatibility(WorldOpenFlows.java:335) ~[neoforge-21.1.228.jar%23194!/:?]
	at TRANSFORMER/minecraft@1.21.1/net.minecraft.client.gui.screens.worldselection.WorldOpenFlows.openWorldLoadLevelData(WorldOpenFlows.java:297) ~[neoforge-21.1.228.jar%23194!/:?]
	at TRANSFORMER/minecraft@1.21.1/net.minecraft.client.gui.screens.worldselection.WorldOpenFlows.openWorld(WorldOpenFlows.java:261) ~[neoforge-21.1.228.jar%23194!/:?]
	at TRANSFORMER/minecraft@1.21.1/net.minecraft.client.gui.screens.worldselection.WorldSelectionList$WorldListEntry.joinWorld(WorldSelectionList.java:516) ~[neoforge-21.1.228.jar%23194!/:?]
	at TRANSFORMER/minecraft@1.21.1/net.minecraft.client.gui.screens.worldselection.WorldSelectionList$WorldListEntry.mouseClicked(WorldSelectionList.java:499) ~[neoforge-21.1.228.jar%23194!/:?]
	at TRANSFORMER/minecraft@1.21.1/net.minecraft.client.gui.components.AbstractSelectionList.mouseClicked(AbstractSelectionList.java:303) ~[neoforge-21.1.228.jar%23194!/:?]
	at TRANSFORMER/minecraft@1.21.1/net.minecraft.client.gui.components.events.ContainerEventHandler.mouseClicked(ContainerEventHandler.java:52) ~[neoforge-21.1.228.jar%23194!/:?]
	at TRANSFORMER/minecraft@1.21.1/net.minecraft.client.MouseHandler.lambda$onPress$0(MouseHandler.java:103) ~[neoforge-21.1.228.jar%23194!/:?]
	at TRANSFORMER/minecraft@1.21.1/net.minecraft.client.gui.screens.Screen.wrapScreenError(Screen.java:471) ~[neoforge-21.1.228.jar%23194!/:?]
	at TRANSFORMER/minecraft@1.21.1/net.minecraft.client.MouseHandler.onPress(MouseHandler.java:100) ~[neoforge-21.1.228.jar%23194!/:?]
	at TRANSFORMER/minecraft@1.21.1/net.minecraft.client.MouseHandler.lambda$setup$4(MouseHandler.java:212) ~[neoforge-21.1.228.jar%23194!/:?]
	at TRANSFORMER/minecraft@1.21.1/net.minecraft.util.thread.BlockableEventLoop.execute(BlockableEventLoop.java:98) ~[neoforge-21.1.228.jar%23194!/:?]
	at TRANSFORMER/minecraft@1.21.1/net.minecraft.client.MouseHandler.lambda$setup$5(MouseHandler.java:212) ~[neoforge-21.1.228.jar%23194!/:?]
	at MC-BOOTSTRAP/org.lwjgl.glfw@3.3.3+5/org.lwjgl.glfw.GLFWMouseButtonCallbackI.callback(GLFWMouseButtonCallbackI.java:43) ~[lwjgl-glfw-3.3.3.jar%23172!/:build 5]
	at MC-BOOTSTRAP/org.lwjgl@3.3.3+5/org.lwjgl.system.JNI.invokeV(Native Method) ~[lwjgl-3.3.3.jar%23183!/:build 5]
	at MC-BOOTSTRAP/org.lwjgl.glfw@3.3.3+5/org.lwjgl.glfw.GLFW.glfwPollEvents(GLFW.java:3438) ~[lwjgl-glfw-3.3.3.jar%23172!/:build 5]
	at TRANSFORMER/minecraft@1.21.1/com.mojang.blaze3d.systems.RenderSystem.pollEvents(RenderSystem.java:134) ~[neoforge-21.1.228.jar%23194!/:?]
	at TRANSFORMER/minecraft@1.21.1/com.mojang.blaze3d.systems.RenderSystem.flipFrame(RenderSystem.java:143) ~[neoforge-21.1.228.jar%23194!/:?]
	at TRANSFORMER/minecraft@1.21.1/com.mojang.blaze3d.platform.Window.updateDisplay(Window.java:296) ~[neoforge-21.1.228.jar%23194!/:?]
	at TRANSFORMER/minecraft@1.21.1/net.minecraft.client.Minecraft.runTick(Minecraft.java:1223) ~[neoforge-21.1.228.jar%23194!/:?]
	at TRANSFORMER/minecraft@1.21.1/net.minecraft.client.Minecraft.run(Minecraft.java:813) ~[neoforge-21.1.228.jar%23194!/:?]
	at TRANSFORMER/minecraft@1.21.1/net.minecraft.client.main.Main.main(Main.java:230) ~[neoforge-21.1.228.jar%23194!/:?]
	at java.base/jdk.internal.reflect.DirectMethodHandleAccessor.invoke(DirectMethodHandleAccessor.java:103) ~[?:?]
	at java.base/java.lang.reflect.Method.invoke(Method.java:580) ~[?:?]
	at MC-BOOTSTRAP/fml_loader@4.0.42/net.neoforged.fml.loading.targets.CommonLaunchHandler.runTarget(CommonLaunchHandler.java:136) ~[loader-4.0.42.jar%23146!/:4.0]
	at MC-BOOTSTRAP/fml_loader@4.0.42/net.neoforged.fml.loading.targets.CommonLaunchHandler.clientService(CommonLaunchHandler.java:124) ~[loader-4.0.42.jar%23146!/:4.0]
	at MC-BOOTSTRAP/fml_loader@4.0.42/net.neoforged.fml.loading.targets.NeoForgeClientDevLaunchHandler.runService(NeoForgeClientDevLaunchHandler.java:23) ~[loader-4.0.42.jar%23146!/:4.0]
	at MC-BOOTSTRAP/fml_loader@4.0.42/net.neoforged.fml.loading.targets.CommonLaunchHandler.lambda$launchService$4(CommonLaunchHandler.java:118) ~[loader-4.0.42.jar%23146!/:4.0]
	at MC-BOOTSTRAP/cpw.mods.modlauncher@11.0.5/cpw.mods.modlauncher.LaunchServiceHandlerDecorator.launch(LaunchServiceHandlerDecorator.java:30) [modlauncher-11.0.5.jar%23128!/:?]
	at MC-BOOTSTRAP/cpw.mods.modlauncher@11.0.5/cpw.mods.modlauncher.LaunchServiceHandler.launch(LaunchServiceHandler.java:53) [modlauncher-11.0.5.jar%23128!/:?]
	at MC-BOOTSTRAP/cpw.mods.modlauncher@11.0.5/cpw.mods.modlauncher.LaunchServiceHandler.launch(LaunchServiceHandler.java:71) [modlauncher-11.0.5.jar%23128!/:?]
	at MC-BOOTSTRAP/cpw.mods.modlauncher@11.0.5/cpw.mods.modlauncher.Launcher.run(Launcher.java:103) [modlauncher-11.0.5.jar%23128!/:?]
	at MC-BOOTSTRAP/cpw.mods.modlauncher@11.0.5/cpw.mods.modlauncher.Launcher.main(Launcher.java:74) [modlauncher-11.0.5.jar%23128!/:?]
	at MC-BOOTSTRAP/cpw.mods.modlauncher@11.0.5/cpw.mods.modlauncher.BootstrapLaunchConsumer.accept(BootstrapLaunchConsumer.java:26) [modlauncher-11.0.5.jar%23128!/:?]
	at MC-BOOTSTRAP/cpw.mods.modlauncher@11.0.5/cpw.mods.modlauncher.BootstrapLaunchConsumer.accept(BootstrapLaunchConsumer.java:23) [modlauncher-11.0.5.jar%23128!/:?]
	at cpw.mods.bootstraplauncher@2.0.2/cpw.mods.bootstraplauncher.BootstrapLauncher.run(BootstrapLauncher.java:210) [bootstraplauncher-2.0.2.jar:?]
	at cpw.mods.bootstraplauncher@2.0.2/cpw.mods.bootstraplauncher.BootstrapLauncher.main(BootstrapLauncher.java:69) [bootstraplauncher-2.0.2.jar:?]
	at java.base/jdk.internal.reflect.DirectMethodHandleAccessor.invoke(DirectMethodHandleAccessor.java:103) ~[?:?]
	at java.base/java.lang.reflect.Method.invoke(Method.java:580) ~[?:?]
	at net.neoforged.devlaunch.Main.main(Main.java:57) [DevLaunch-1.0.2.jar:?]
[17mai.2026 19:30:31.387] [Render thread/ERROR] [net.minecraft.world.item.crafting.RecipeManager/]: Parsing error loading recipe advanced_ae:wt_combine_access
com.google.gson.JsonParseException: Unknown registry key in ResourceKey[minecraft:root / minecraft:recipe_serializer]: ae2wtlib:combine
	at MC-BOOTSTRAP/datafixerupper@8.0.16/com.mojang.serialization.DataResult$Error.getOrThrow(DataResult.java:287) ~[datafixerupper-8.0.16.jar%23121!/:?]
	at TRANSFORMER/minecraft@1.21.1/net.minecraft.world.item.crafting.RecipeManager.apply(RecipeManager.java:60) ~[neoforge-21.1.228.jar%23194!/:?]
	at TRANSFORMER/minecraft@1.21.1/net.minecraft.world.item.crafting.RecipeManager.apply(RecipeManager.java:36) ~[neoforge-21.1.228.jar%23194!/:?]
	at TRANSFORMER/minecraft@1.21.1/net.minecraft.server.packs.resources.SimplePreparableReloadListener.lambda$reload$1(SimplePreparableReloadListener.java:19) ~[neoforge-21.1.228.jar%23194!/:?]
	at java.base/java.util.concurrent.CompletableFuture$UniAccept.tryFire$$$capture(CompletableFuture.java:718) ~[?:?]
	at java.base/java.util.concurrent.CompletableFuture$UniAccept.tryFire(CompletableFuture.java) ~[?:?]
	at java.base/java.util.concurrent.CompletableFuture$Completion.run(CompletableFuture.java:482) ~[?:?]
	at TRANSFORMER/minecraft@1.21.1/net.minecraft.server.packs.resources.SimpleReloadInstance.lambda$new$3(SimpleReloadInstance.java:86) ~[neoforge-21.1.228.jar%23194!/:?]
	at TRANSFORMER/minecraft@1.21.1/net.minecraft.util.thread.BlockableEventLoop.doRunTask(BlockableEventLoop.java:151) ~[neoforge-21.1.228.jar%23194!/:?]
	at TRANSFORMER/minecraft@1.21.1/net.minecraft.util.thread.ReentrantBlockableEventLoop.doRunTask(ReentrantBlockableEventLoop.java:24) ~[neoforge-21.1.228.jar%23194!/:?]
	at TRANSFORMER/minecraft@1.21.1/net.minecraft.util.thread.BlockableEventLoop.pollTask(BlockableEventLoop.java:122) ~[neoforge-21.1.228.jar%23194!/:?]
	at TRANSFORMER/minecraft@1.21.1/net.minecraft.util.thread.BlockableEventLoop.managedBlock(BlockableEventLoop.java:135) ~[neoforge-21.1.228.jar%23194!/:?]
	at TRANSFORMER/minecraft@1.21.1/net.minecraft.client.gui.screens.worldselection.WorldOpenFlows.loadWorldDataBlocking(WorldOpenFlows.java:201) ~[neoforge-21.1.228.jar%23194!/:?]
	at TRANSFORMER/minecraft@1.21.1/net.minecraft.client.gui.screens.worldselection.WorldOpenFlows.loadWorldStem(WorldOpenFlows.java:142) ~[neoforge-21.1.228.jar%23194!/:?]
	at TRANSFORMER/minecraft@1.21.1/net.minecraft.client.gui.screens.worldselection.WorldOpenFlows.openWorldLoadLevelStem(WorldOpenFlows.java:346) ~[neoforge-21.1.228.jar%23194!/:?]
	at TRANSFORMER/minecraft@1.21.1/net.minecraft.client.gui.screens.worldselection.WorldOpenFlows.openWorldCheckVersionCompatibility(WorldOpenFlows.java:335) ~[neoforge-21.1.228.jar%23194!/:?]
	at TRANSFORMER/minecraft@1.21.1/net.minecraft.client.gui.screens.worldselection.WorldOpenFlows.openWorldLoadLevelData(WorldOpenFlows.java:297) ~[neoforge-21.1.228.jar%23194!/:?]
	at TRANSFORMER/minecraft@1.21.1/net.minecraft.client.gui.screens.worldselection.WorldOpenFlows.openWorld(WorldOpenFlows.java:261) ~[neoforge-21.1.228.jar%23194!/:?]
	at TRANSFORMER/minecraft@1.21.1/net.minecraft.client.gui.screens.worldselection.WorldSelectionList$WorldListEntry.joinWorld(WorldSelectionList.java:516) ~[neoforge-21.1.228.jar%23194!/:?]
	at TRANSFORMER/minecraft@1.21.1/net.minecraft.client.gui.screens.worldselection.WorldSelectionList$WorldListEntry.mouseClicked(WorldSelectionList.java:499) ~[neoforge-21.1.228.jar%23194!/:?]
	at TRANSFORMER/minecraft@1.21.1/net.minecraft.client.gui.components.AbstractSelectionList.mouseClicked(AbstractSelectionList.java:303) ~[neoforge-21.1.228.jar%23194!/:?]
	at TRANSFORMER/minecraft@1.21.1/net.minecraft.client.gui.components.events.ContainerEventHandler.mouseClicked(ContainerEventHandler.java:52) ~[neoforge-21.1.228.jar%23194!/:?]
	at TRANSFORMER/minecraft@1.21.1/net.minecraft.client.MouseHandler.lambda$onPress$0(MouseHandler.java:103) ~[neoforge-21.1.228.jar%23194!/:?]
	at TRANSFORMER/minecraft@1.21.1/net.minecraft.client.gui.screens.Screen.wrapScreenError(Screen.java:471) ~[neoforge-21.1.228.jar%23194!/:?]
	at TRANSFORMER/minecraft@1.21.1/net.minecraft.client.MouseHandler.onPress(MouseHandler.java:100) ~[neoforge-21.1.228.jar%23194!/:?]
	at TRANSFORMER/minecraft@1.21.1/net.minecraft.client.MouseHandler.lambda$setup$4(MouseHandler.java:212) ~[neoforge-21.1.228.jar%23194!/:?]
	at TRANSFORMER/minecraft@1.21.1/net.minecraft.util.thread.BlockableEventLoop.execute(BlockableEventLoop.java:98) ~[neoforge-21.1.228.jar%23194!/:?]
	at TRANSFORMER/minecraft@1.21.1/net.minecraft.client.MouseHandler.lambda$setup$5(MouseHandler.java:212) ~[neoforge-21.1.228.jar%23194!/:?]
	at MC-BOOTSTRAP/org.lwjgl.glfw@3.3.3+5/org.lwjgl.glfw.GLFWMouseButtonCallbackI.callback(GLFWMouseButtonCallbackI.java:43) ~[lwjgl-glfw-3.3.3.jar%23172!/:build 5]
	at MC-BOOTSTRAP/org.lwjgl@3.3.3+5/org.lwjgl.system.JNI.invokeV(Native Method) ~[lwjgl-3.3.3.jar%23183!/:build 5]
	at MC-BOOTSTRAP/org.lwjgl.glfw@3.3.3+5/org.lwjgl.glfw.GLFW.glfwPollEvents(GLFW.java:3438) ~[lwjgl-glfw-3.3.3.jar%23172!/:build 5]
	at TRANSFORMER/minecraft@1.21.1/com.mojang.blaze3d.systems.RenderSystem.pollEvents(RenderSystem.java:134) ~[neoforge-21.1.228.jar%23194!/:?]
	at TRANSFORMER/minecraft@1.21.1/com.mojang.blaze3d.systems.RenderSystem.flipFrame(RenderSystem.java:143) ~[neoforge-21.1.228.jar%23194!/:?]
	at TRANSFORMER/minecraft@1.21.1/com.mojang.blaze3d.platform.Window.updateDisplay(Window.java:296) ~[neoforge-21.1.228.jar%23194!/:?]
	at TRANSFORMER/minecraft@1.21.1/net.minecraft.client.Minecraft.runTick(Minecraft.java:1223) ~[neoforge-21.1.228.jar%23194!/:?]
	at TRANSFORMER/minecraft@1.21.1/net.minecraft.client.Minecraft.run(Minecraft.java:813) ~[neoforge-21.1.228.jar%23194!/:?]
	at TRANSFORMER/minecraft@1.21.1/net.minecraft.client.main.Main.main(Main.java:230) ~[neoforge-21.1.228.jar%23194!/:?]
	at java.base/jdk.internal.reflect.DirectMethodHandleAccessor.invoke(DirectMethodHandleAccessor.java:103) ~[?:?]
	at java.base/java.lang.reflect.Method.invoke(Method.java:580) ~[?:?]
	at MC-BOOTSTRAP/fml_loader@4.0.42/net.neoforged.fml.loading.targets.CommonLaunchHandler.runTarget(CommonLaunchHandler.java:136) ~[loader-4.0.42.jar%23146!/:4.0]
	at MC-BOOTSTRAP/fml_loader@4.0.42/net.neoforged.fml.loading.targets.CommonLaunchHandler.clientService(CommonLaunchHandler.java:124) ~[loader-4.0.42.jar%23146!/:4.0]
	at MC-BOOTSTRAP/fml_loader@4.0.42/net.neoforged.fml.loading.targets.NeoForgeClientDevLaunchHandler.runService(NeoForgeClientDevLaunchHandler.java:23) ~[loader-4.0.42.jar%23146!/:4.0]
	at MC-BOOTSTRAP/fml_loader@4.0.42/net.neoforged.fml.loading.targets.CommonLaunchHandler.lambda$launchService$4(CommonLaunchHandler.java:118) ~[loader-4.0.42.jar%23146!/:4.0]
	at MC-BOOTSTRAP/cpw.mods.modlauncher@11.0.5/cpw.mods.modlauncher.LaunchServiceHandlerDecorator.launch(LaunchServiceHandlerDecorator.java:30) [modlauncher-11.0.5.jar%23128!/:?]
	at MC-BOOTSTRAP/cpw.mods.modlauncher@11.0.5/cpw.mods.modlauncher.LaunchServiceHandler.launch(LaunchServiceHandler.java:53) [modlauncher-11.0.5.jar%23128!/:?]
	at MC-BOOTSTRAP/cpw.mods.modlauncher@11.0.5/cpw.mods.modlauncher.LaunchServiceHandler.launch(LaunchServiceHandler.java:71) [modlauncher-11.0.5.jar%23128!/:?]
	at MC-BOOTSTRAP/cpw.mods.modlauncher@11.0.5/cpw.mods.modlauncher.Launcher.run(Launcher.java:103) [modlauncher-11.0.5.jar%23128!/:?]
	at MC-BOOTSTRAP/cpw.mods.modlauncher@11.0.5/cpw.mods.modlauncher.Launcher.main(Launcher.java:74) [modlauncher-11.0.5.jar%23128!/:?]
	at MC-BOOTSTRAP/cpw.mods.modlauncher@11.0.5/cpw.mods.modlauncher.BootstrapLaunchConsumer.accept(BootstrapLaunchConsumer.java:26) [modlauncher-11.0.5.jar%23128!/:?]
	at MC-BOOTSTRAP/cpw.mods.modlauncher@11.0.5/cpw.mods.modlauncher.BootstrapLaunchConsumer.accept(BootstrapLaunchConsumer.java:23) [modlauncher-11.0.5.jar%23128!/:?]
	at cpw.mods.bootstraplauncher@2.0.2/cpw.mods.bootstraplauncher.BootstrapLauncher.run(BootstrapLauncher.java:210) [bootstraplauncher-2.0.2.jar:?]
	at cpw.mods.bootstraplauncher@2.0.2/cpw.mods.bootstraplauncher.BootstrapLauncher.main(BootstrapLauncher.java:69) [bootstraplauncher-2.0.2.jar:?]
	at java.base/jdk.internal.reflect.DirectMethodHandleAccessor.invoke(DirectMethodHandleAccessor.java:103) ~[?:?]
	at java.base/java.lang.reflect.Method.invoke(Method.java:580) ~[?:?]
	at net.neoforged.devlaunch.Main.main(Main.java:57) [DevLaunch-1.0.2.jar:?]
[17mai.2026 19:30:31.415] [Render thread/ERROR] [net.minecraft.world.item.crafting.RecipeManager/]: Parsing error loading recipe advanced_ae:quantum_processor_eae
com.google.gson.JsonParseException: Unknown registry key in ResourceKey[minecraft:root / minecraft:recipe_serializer]: extendedae:crystal_assembler
	at MC-BOOTSTRAP/datafixerupper@8.0.16/com.mojang.serialization.DataResult$Error.getOrThrow(DataResult.java:287) ~[datafixerupper-8.0.16.jar%23121!/:?]
	at TRANSFORMER/minecraft@1.21.1/net.minecraft.world.item.crafting.RecipeManager.apply(RecipeManager.java:60) ~[neoforge-21.1.228.jar%23194!/:?]
	at TRANSFORMER/minecraft@1.21.1/net.minecraft.world.item.crafting.RecipeManager.apply(RecipeManager.java:36) ~[neoforge-21.1.228.jar%23194!/:?]
	at TRANSFORMER/minecraft@1.21.1/net.minecraft.server.packs.resources.SimplePreparableReloadListener.lambda$reload$1(SimplePreparableReloadListener.java:19) ~[neoforge-21.1.228.jar%23194!/:?]
	at java.base/java.util.concurrent.CompletableFuture$UniAccept.tryFire$$$capture(CompletableFuture.java:718) ~[?:?]
	at java.base/java.util.concurrent.CompletableFuture$UniAccept.tryFire(CompletableFuture.java) ~[?:?]
	at java.base/java.util.concurrent.CompletableFuture$Completion.run(CompletableFuture.java:482) ~[?:?]
	at TRANSFORMER/minecraft@1.21.1/net.minecraft.server.packs.resources.SimpleReloadInstance.lambda$new$3(SimpleReloadInstance.java:86) ~[neoforge-21.1.228.jar%23194!/:?]
	at TRANSFORMER/minecraft@1.21.1/net.minecraft.util.thread.BlockableEventLoop.doRunTask(BlockableEventLoop.java:151) ~[neoforge-21.1.228.jar%23194!/:?]
	at TRANSFORMER/minecraft@1.21.1/net.minecraft.util.thread.ReentrantBlockableEventLoop.doRunTask(ReentrantBlockableEventLoop.java:24) ~[neoforge-21.1.228.jar%23194!/:?]
	at TRANSFORMER/minecraft@1.21.1/net.minecraft.util.thread.BlockableEventLoop.pollTask(BlockableEventLoop.java:122) ~[neoforge-21.1.228.jar%23194!/:?]
	at TRANSFORMER/minecraft@1.21.1/net.minecraft.util.thread.BlockableEventLoop.managedBlock(BlockableEventLoop.java:135) ~[neoforge-21.1.228.jar%23194!/:?]
	at TRANSFORMER/minecraft@1.21.1/net.minecraft.client.gui.screens.worldselection.WorldOpenFlows.loadWorldDataBlocking(WorldOpenFlows.java:201) ~[neoforge-21.1.228.jar%23194!/:?]
	at TRANSFORMER/minecraft@1.21.1/net.minecraft.client.gui.screens.worldselection.WorldOpenFlows.loadWorldStem(WorldOpenFlows.java:142) ~[neoforge-21.1.228.jar%23194!/:?]
	at TRANSFORMER/minecraft@1.21.1/net.minecraft.client.gui.screens.worldselection.WorldOpenFlows.openWorldLoadLevelStem(WorldOpenFlows.java:346) ~[neoforge-21.1.228.jar%23194!/:?]
	at TRANSFORMER/minecraft@1.21.1/net.minecraft.client.gui.screens.worldselection.WorldOpenFlows.openWorldCheckVersionCompatibility(WorldOpenFlows.java:335) ~[neoforge-21.1.228.jar%23194!/:?]
	at TRANSFORMER/minecraft@1.21.1/net.minecraft.client.gui.screens.worldselection.WorldOpenFlows.openWorldLoadLevelData(WorldOpenFlows.java:297) ~[neoforge-21.1.228.jar%23194!/:?]
	at TRANSFORMER/minecraft@1.21.1/net.minecraft.client.gui.screens.worldselection.WorldOpenFlows.openWorld(WorldOpenFlows.java:261) ~[neoforge-21.1.228.jar%23194!/:?]
	at TRANSFORMER/minecraft@1.21.1/net.minecraft.client.gui.screens.worldselection.WorldSelectionList$WorldListEntry.joinWorld(WorldSelectionList.java:516) ~[neoforge-21.1.228.jar%23194!/:?]
	at TRANSFORMER/minecraft@1.21.1/net.minecraft.client.gui.screens.worldselection.WorldSelectionList$WorldListEntry.mouseClicked(WorldSelectionList.java:499) ~[neoforge-21.1.228.jar%23194!/:?]
	at TRANSFORMER/minecraft@1.21.1/net.minecraft.client.gui.components.AbstractSelectionList.mouseClicked(AbstractSelectionList.java:303) ~[neoforge-21.1.228.jar%23194!/:?]
	at TRANSFORMER/minecraft@1.21.1/net.minecraft.client.gui.components.events.ContainerEventHandler.mouseClicked(ContainerEventHandler.java:52) ~[neoforge-21.1.228.jar%23194!/:?]
	at TRANSFORMER/minecraft@1.21.1/net.minecraft.client.MouseHandler.lambda$onPress$0(MouseHandler.java:103) ~[neoforge-21.1.228.jar%23194!/:?]
	at TRANSFORMER/minecraft@1.21.1/net.minecraft.client.gui.screens.Screen.wrapScreenError(Screen.java:471) ~[neoforge-21.1.228.jar%23194!/:?]
	at TRANSFORMER/minecraft@1.21.1/net.minecraft.client.MouseHandler.onPress(MouseHandler.java:100) ~[neoforge-21.1.228.jar%23194!/:?]
	at TRANSFORMER/minecraft@1.21.1/net.minecraft.client.MouseHandler.lambda$setup$4(MouseHandler.java:212) ~[neoforge-21.1.228.jar%23194!/:?]
	at TRANSFORMER/minecraft@1.21.1/net.minecraft.util.thread.BlockableEventLoop.execute(BlockableEventLoop.java:98) ~[neoforge-21.1.228.jar%23194!/:?]
	at TRANSFORMER/minecraft@1.21.1/net.minecraft.client.MouseHandler.lambda$setup$5(MouseHandler.java:212) ~[neoforge-21.1.228.jar%23194!/:?]
	at MC-BOOTSTRAP/org.lwjgl.glfw@3.3.3+5/org.lwjgl.glfw.GLFWMouseButtonCallbackI.callback(GLFWMouseButtonCallbackI.java:43) ~[lwjgl-glfw-3.3.3.jar%23172!/:build 5]
	at MC-BOOTSTRAP/org.lwjgl@3.3.3+5/org.lwjgl.system.JNI.invokeV(Native Method) ~[lwjgl-3.3.3.jar%23183!/:build 5]
	at MC-BOOTSTRAP/org.lwjgl.glfw@3.3.3+5/org.lwjgl.glfw.GLFW.glfwPollEvents(GLFW.java:3438) ~[lwjgl-glfw-3.3.3.jar%23172!/:build 5]
	at TRANSFORMER/minecraft@1.21.1/com.mojang.blaze3d.systems.RenderSystem.pollEvents(RenderSystem.java:134) ~[neoforge-21.1.228.jar%23194!/:?]
	at TRANSFORMER/minecraft@1.21.1/com.mojang.blaze3d.systems.RenderSystem.flipFrame(RenderSystem.java:143) ~[neoforge-21.1.228.jar%23194!/:?]
	at TRANSFORMER/minecraft@1.21.1/com.mojang.blaze3d.platform.Window.updateDisplay(Window.java:296) ~[neoforge-21.1.228.jar%23194!/:?]
	at TRANSFORMER/minecraft@1.21.1/net.minecraft.client.Minecraft.runTick(Minecraft.java:1223) ~[neoforge-21.1.228.jar%23194!/:?]
	at TRANSFORMER/minecraft@1.21.1/net.minecraft.client.Minecraft.run(Minecraft.java:813) ~[neoforge-21.1.228.jar%23194!/:?]
	at TRANSFORMER/minecraft@1.21.1/net.minecraft.client.main.Main.main(Main.java:230) ~[neoforge-21.1.228.jar%23194!/:?]
	at java.base/jdk.internal.reflect.DirectMethodHandleAccessor.invoke(DirectMethodHandleAccessor.java:103) ~[?:?]
	at java.base/java.lang.reflect.Method.invoke(Method.java:580) ~[?:?]
	at MC-BOOTSTRAP/fml_loader@4.0.42/net.neoforged.fml.loading.targets.CommonLaunchHandler.runTarget(CommonLaunchHandler.java:136) ~[loader-4.0.42.jar%23146!/:4.0]
	at MC-BOOTSTRAP/fml_loader@4.0.42/net.neoforged.fml.loading.targets.CommonLaunchHandler.clientService(CommonLaunchHandler.java:124) ~[loader-4.0.42.jar%23146!/:4.0]
	at MC-BOOTSTRAP/fml_loader@4.0.42/net.neoforged.fml.loading.targets.NeoForgeClientDevLaunchHandler.runService(NeoForgeClientDevLaunchHandler.java:23) ~[loader-4.0.42.jar%23146!/:4.0]
	at MC-BOOTSTRAP/fml_loader@4.0.42/net.neoforged.fml.loading.targets.CommonLaunchHandler.lambda$launchService$4(CommonLaunchHandler.java:118) ~[loader-4.0.42.jar%23146!/:4.0]
	at MC-BOOTSTRAP/cpw.mods.modlauncher@11.0.5/cpw.mods.modlauncher.LaunchServiceHandlerDecorator.launch(LaunchServiceHandlerDecorator.java:30) [modlauncher-11.0.5.jar%23128!/:?]
	at MC-BOOTSTRAP/cpw.mods.modlauncher@11.0.5/cpw.mods.modlauncher.LaunchServiceHandler.launch(LaunchServiceHandler.java:53) [modlauncher-11.0.5.jar%23128!/:?]
	at MC-BOOTSTRAP/cpw.mods.modlauncher@11.0.5/cpw.mods.modlauncher.LaunchServiceHandler.launch(LaunchServiceHandler.java:71) [modlauncher-11.0.5.jar%23128!/:?]
	at MC-BOOTSTRAP/cpw.mods.modlauncher@11.0.5/cpw.mods.modlauncher.Launcher.run(Launcher.java:103) [modlauncher-11.0.5.jar%23128!/:?]
	at MC-BOOTSTRAP/cpw.mods.modlauncher@11.0.5/cpw.mods.modlauncher.Launcher.main(Launcher.java:74) [modlauncher-11.0.5.jar%23128!/:?]
	at MC-BOOTSTRAP/cpw.mods.modlauncher@11.0.5/cpw.mods.modlauncher.BootstrapLaunchConsumer.accept(BootstrapLaunchConsumer.java:26) [modlauncher-11.0.5.jar%23128!/:?]
	at MC-BOOTSTRAP/cpw.mods.modlauncher@11.0.5/cpw.mods.modlauncher.BootstrapLaunchConsumer.accept(BootstrapLaunchConsumer.java:23) [modlauncher-11.0.5.jar%23128!/:?]
	at cpw.mods.bootstraplauncher@2.0.2/cpw.mods.bootstraplauncher.BootstrapLauncher.run(BootstrapLauncher.java:210) [bootstraplauncher-2.0.2.jar:?]
	at cpw.mods.bootstraplauncher@2.0.2/cpw.mods.bootstraplauncher.BootstrapLauncher.main(BootstrapLauncher.java:69) [bootstraplauncher-2.0.2.jar:?]
	at java.base/jdk.internal.reflect.DirectMethodHandleAccessor.invoke(DirectMethodHandleAccessor.java:103) ~[?:?]
	at java.base/java.lang.reflect.Method.invoke(Method.java:580) ~[?:?]
	at net.neoforged.devlaunch.Main.main(Main.java:57) [DevLaunch-1.0.2.jar:?]
[17mai.2026 19:30:31.418] [Render thread/ERROR] [net.minecraft.world.item.crafting.RecipeManager/]: Parsing error loading recipe advanced_ae:wt_combine_crafting
com.google.gson.JsonParseException: Unknown registry key in ResourceKey[minecraft:root / minecraft:recipe_serializer]: ae2wtlib:combine
	at MC-BOOTSTRAP/datafixerupper@8.0.16/com.mojang.serialization.DataResult$Error.getOrThrow(DataResult.java:287) ~[datafixerupper-8.0.16.jar%23121!/:?]
	at TRANSFORMER/minecraft@1.21.1/net.minecraft.world.item.crafting.RecipeManager.apply(RecipeManager.java:60) ~[neoforge-21.1.228.jar%23194!/:?]
	at TRANSFORMER/minecraft@1.21.1/net.minecraft.world.item.crafting.RecipeManager.apply(RecipeManager.java:36) ~[neoforge-21.1.228.jar%23194!/:?]
	at TRANSFORMER/minecraft@1.21.1/net.minecraft.server.packs.resources.SimplePreparableReloadListener.lambda$reload$1(SimplePreparableReloadListener.java:19) ~[neoforge-21.1.228.jar%23194!/:?]
	at java.base/java.util.concurrent.CompletableFuture$UniAccept.tryFire$$$capture(CompletableFuture.java:718) ~[?:?]
	at java.base/java.util.concurrent.CompletableFuture$UniAccept.tryFire(CompletableFuture.java) ~[?:?]
	at java.base/java.util.concurrent.CompletableFuture$Completion.run(CompletableFuture.java:482) ~[?:?]
	at TRANSFORMER/minecraft@1.21.1/net.minecraft.server.packs.resources.SimpleReloadInstance.lambda$new$3(SimpleReloadInstance.java:86) ~[neoforge-21.1.228.jar%23194!/:?]
	at TRANSFORMER/minecraft@1.21.1/net.minecraft.util.thread.BlockableEventLoop.doRunTask(BlockableEventLoop.java:151) ~[neoforge-21.1.228.jar%23194!/:?]
	at TRANSFORMER/minecraft@1.21.1/net.minecraft.util.thread.ReentrantBlockableEventLoop.doRunTask(ReentrantBlockableEventLoop.java:24) ~[neoforge-21.1.228.jar%23194!/:?]
	at TRANSFORMER/minecraft@1.21.1/net.minecraft.util.thread.BlockableEventLoop.pollTask(BlockableEventLoop.java:122) ~[neoforge-21.1.228.jar%23194!/:?]
	at TRANSFORMER/minecraft@1.21.1/net.minecraft.util.thread.BlockableEventLoop.managedBlock(BlockableEventLoop.java:135) ~[neoforge-21.1.228.jar%23194!/:?]
	at TRANSFORMER/minecraft@1.21.1/net.minecraft.client.gui.screens.worldselection.WorldOpenFlows.loadWorldDataBlocking(WorldOpenFlows.java:201) ~[neoforge-21.1.228.jar%23194!/:?]
	at TRANSFORMER/minecraft@1.21.1/net.minecraft.client.gui.screens.worldselection.WorldOpenFlows.loadWorldStem(WorldOpenFlows.java:142) ~[neoforge-21.1.228.jar%23194!/:?]
	at TRANSFORMER/minecraft@1.21.1/net.minecraft.client.gui.screens.worldselection.WorldOpenFlows.openWorldLoadLevelStem(WorldOpenFlows.java:346) ~[neoforge-21.1.228.jar%23194!/:?]
	at TRANSFORMER/minecraft@1.21.1/net.minecraft.client.gui.screens.worldselection.WorldOpenFlows.openWorldCheckVersionCompatibility(WorldOpenFlows.java:335) ~[neoforge-21.1.228.jar%23194!/:?]
	at TRANSFORMER/minecraft@1.21.1/net.minecraft.client.gui.screens.worldselection.WorldOpenFlows.openWorldLoadLevelData(WorldOpenFlows.java:297) ~[neoforge-21.1.228.jar%23194!/:?]
	at TRANSFORMER/minecraft@1.21.1/net.minecraft.client.gui.screens.worldselection.WorldOpenFlows.openWorld(WorldOpenFlows.java:261) ~[neoforge-21.1.228.jar%23194!/:?]
	at TRANSFORMER/minecraft@1.21.1/net.minecraft.client.gui.screens.worldselection.WorldSelectionList$WorldListEntry.joinWorld(WorldSelectionList.java:516) ~[neoforge-21.1.228.jar%23194!/:?]
	at TRANSFORMER/minecraft@1.21.1/net.minecraft.client.gui.screens.worldselection.WorldSelectionList$WorldListEntry.mouseClicked(WorldSelectionList.java:499) ~[neoforge-21.1.228.jar%23194!/:?]
	at TRANSFORMER/minecraft@1.21.1/net.minecraft.client.gui.components.AbstractSelectionList.mouseClicked(AbstractSelectionList.java:303) ~[neoforge-21.1.228.jar%23194!/:?]
	at TRANSFORMER/minecraft@1.21.1/net.minecraft.client.gui.components.events.ContainerEventHandler.mouseClicked(ContainerEventHandler.java:52) ~[neoforge-21.1.228.jar%23194!/:?]
	at TRANSFORMER/minecraft@1.21.1/net.minecraft.client.MouseHandler.lambda$onPress$0(MouseHandler.java:103) ~[neoforge-21.1.228.jar%23194!/:?]
	at TRANSFORMER/minecraft@1.21.1/net.minecraft.client.gui.screens.Screen.wrapScreenError(Screen.java:471) ~[neoforge-21.1.228.jar%23194!/:?]
	at TRANSFORMER/minecraft@1.21.1/net.minecraft.client.MouseHandler.onPress(MouseHandler.java:100) ~[neoforge-21.1.228.jar%23194!/:?]
	at TRANSFORMER/minecraft@1.21.1/net.minecraft.client.MouseHandler.lambda$setup$4(MouseHandler.java:212) ~[neoforge-21.1.228.jar%23194!/:?]
	at TRANSFORMER/minecraft@1.21.1/net.minecraft.util.thread.BlockableEventLoop.execute(BlockableEventLoop.java:98) ~[neoforge-21.1.228.jar%23194!/:?]
	at TRANSFORMER/minecraft@1.21.1/net.minecraft.client.MouseHandler.lambda$setup$5(MouseHandler.java:212) ~[neoforge-21.1.228.jar%23194!/:?]
	at MC-BOOTSTRAP/org.lwjgl.glfw@3.3.3+5/org.lwjgl.glfw.GLFWMouseButtonCallbackI.callback(GLFWMouseButtonCallbackI.java:43) ~[lwjgl-glfw-3.3.3.jar%23172!/:build 5]
	at MC-BOOTSTRAP/org.lwjgl@3.3.3+5/org.lwjgl.system.JNI.invokeV(Native Method) ~[lwjgl-3.3.3.jar%23183!/:build 5]
	at MC-BOOTSTRAP/org.lwjgl.glfw@3.3.3+5/org.lwjgl.glfw.GLFW.glfwPollEvents(GLFW.java:3438) ~[lwjgl-glfw-3.3.3.jar%23172!/:build 5]
	at TRANSFORMER/minecraft@1.21.1/com.mojang.blaze3d.systems.RenderSystem.pollEvents(RenderSystem.java:134) ~[neoforge-21.1.228.jar%23194!/:?]
	at TRANSFORMER/minecraft@1.21.1/com.mojang.blaze3d.systems.RenderSystem.flipFrame(RenderSystem.java:143) ~[neoforge-21.1.228.jar%23194!/:?]
	at TRANSFORMER/minecraft@1.21.1/com.mojang.blaze3d.platform.Window.updateDisplay(Window.java:296) ~[neoforge-21.1.228.jar%23194!/:?]
	at TRANSFORMER/minecraft@1.21.1/net.minecraft.client.Minecraft.runTick(Minecraft.java:1223) ~[neoforge-21.1.228.jar%23194!/:?]
	at TRANSFORMER/minecraft@1.21.1/net.minecraft.client.Minecraft.run(Minecraft.java:813) ~[neoforge-21.1.228.jar%23194!/:?]
	at TRANSFORMER/minecraft@1.21.1/net.minecraft.client.main.Main.main(Main.java:230) ~[neoforge-21.1.228.jar%23194!/:?]
	at java.base/jdk.internal.reflect.DirectMethodHandleAccessor.invoke(DirectMethodHandleAccessor.java:103) ~[?:?]
	at java.base/java.lang.reflect.Method.invoke(Method.java:580) ~[?:?]
	at MC-BOOTSTRAP/fml_loader@4.0.42/net.neoforged.fml.loading.targets.CommonLaunchHandler.runTarget(CommonLaunchHandler.java:136) ~[loader-4.0.42.jar%23146!/:4.0]
	at MC-BOOTSTRAP/fml_loader@4.0.42/net.neoforged.fml.loading.targets.CommonLaunchHandler.clientService(CommonLaunchHandler.java:124) ~[loader-4.0.42.jar%23146!/:4.0]
	at MC-BOOTSTRAP/fml_loader@4.0.42/net.neoforged.fml.loading.targets.NeoForgeClientDevLaunchHandler.runService(NeoForgeClientDevLaunchHandler.java:23) ~[loader-4.0.42.jar%23146!/:4.0]
	at MC-BOOTSTRAP/fml_loader@4.0.42/net.neoforged.fml.loading.targets.CommonLaunchHandler.lambda$launchService$4(CommonLaunchHandler.java:118) ~[loader-4.0.42.jar%23146!/:4.0]
	at MC-BOOTSTRAP/cpw.mods.modlauncher@11.0.5/cpw.mods.modlauncher.LaunchServiceHandlerDecorator.launch(LaunchServiceHandlerDecorator.java:30) [modlauncher-11.0.5.jar%23128!/:?]
	at MC-BOOTSTRAP/cpw.mods.modlauncher@11.0.5/cpw.mods.modlauncher.LaunchServiceHandler.launch(LaunchServiceHandler.java:53) [modlauncher-11.0.5.jar%23128!/:?]
	at MC-BOOTSTRAP/cpw.mods.modlauncher@11.0.5/cpw.mods.modlauncher.LaunchServiceHandler.launch(LaunchServiceHandler.java:71) [modlauncher-11.0.5.jar%23128!/:?]
	at MC-BOOTSTRAP/cpw.mods.modlauncher@11.0.5/cpw.mods.modlauncher.Launcher.run(Launcher.java:103) [modlauncher-11.0.5.jar%23128!/:?]
	at MC-BOOTSTRAP/cpw.mods.modlauncher@11.0.5/cpw.mods.modlauncher.Launcher.main(Launcher.java:74) [modlauncher-11.0.5.jar%23128!/:?]
	at MC-BOOTSTRAP/cpw.mods.modlauncher@11.0.5/cpw.mods.modlauncher.BootstrapLaunchConsumer.accept(BootstrapLaunchConsumer.java:26) [modlauncher-11.0.5.jar%23128!/:?]
	at MC-BOOTSTRAP/cpw.mods.modlauncher@11.0.5/cpw.mods.modlauncher.BootstrapLaunchConsumer.accept(BootstrapLaunchConsumer.java:23) [modlauncher-11.0.5.jar%23128!/:?]
	at cpw.mods.bootstraplauncher@2.0.2/cpw.mods.bootstraplauncher.BootstrapLauncher.run(BootstrapLauncher.java:210) [bootstraplauncher-2.0.2.jar:?]
	at cpw.mods.bootstraplauncher@2.0.2/cpw.mods.bootstraplauncher.BootstrapLauncher.main(BootstrapLauncher.java:69) [bootstraplauncher-2.0.2.jar:?]
	at java.base/jdk.internal.reflect.DirectMethodHandleAccessor.invoke(DirectMethodHandleAccessor.java:103) ~[?:?]
	at java.base/java.lang.reflect.Method.invoke(Method.java:580) ~[?:?]
	at net.neoforged.devlaunch.Main.main(Main.java:57) [DevLaunch-1.0.2.jar:?]
[17mai.2026 19:30:31.425] [Render thread/INFO] [net.minecraft.world.item.crafting.RecipeManager/]: Loaded 3513 recipes
[17mai.2026 19:30:31.629] [Render thread/INFO] [net.minecraft.advancements.AdvancementTree/]: Loaded 1970 advancements
[17mai.2026 19:30:32.118] [Render thread/DEBUG] [net.neoforged.neoforge.common.CommonHooks/WP]: Gathered mod list to write to world save New World
[17mai.2026 19:30:32.164] [Server thread/INFO] [net.minecraft.client.server.IntegratedServer/]: Starting integrated minecraft server version 1.21.1
[17mai.2026 19:30:32.164] [Server thread/INFO] [net.minecraft.server.MinecraftServer/]: Generating keypair
[17mai.2026 19:30:32.241] [Server thread/DEBUG] [net.neoforged.fml.config.ConfigTracker/CONFIG]: Loading configs type SERVER
[17mai.2026 19:30:32.245] [Server thread/DEBUG] [net.neoforged.neoforge.common.NeoForgeConfig/FORGEMOD]: Loaded NeoForge config file neoforge-server.toml
[17mai.2026 19:30:32.245] [Server thread/DEBUG] [net.neoforged.fml.config.ConfigTracker/CONFIG]: Loaded TOML config file C:\Users\gabri\OneDrive\Documentos\Projetos\LegendaryNetherstarFurnaceMod\LegendaryNetherstarFurnaceMod\run\config\neoforge-server.toml
[17mai.2026 19:30:32.246] [Server thread/DEBUG] [net.neoforged.fml.config.ConfigTracker/CONFIG]: Watching TOML config file C:\Users\gabri\OneDrive\Documentos\Projetos\LegendaryNetherstarFurnaceMod\LegendaryNetherstarFurnaceMod\run\config\neoforge-server.toml for changes
[17mai.2026 19:30:32.250] [Server thread/DEBUG] [net.neoforged.fml.config.ConfigTracker/CONFIG]: Loaded TOML config file C:\Users\gabri\OneDrive\Documentos\Projetos\LegendaryNetherstarFurnaceMod\LegendaryNetherstarFurnaceMod\run\config\Mekanism\general.toml
[17mai.2026 19:30:32.251] [Server thread/DEBUG] [net.neoforged.fml.config.ConfigTracker/CONFIG]: Watching TOML config file C:\Users\gabri\OneDrive\Documentos\Projetos\LegendaryNetherstarFurnaceMod\LegendaryNetherstarFurnaceMod\run\config\Mekanism\general.toml for changes
[17mai.2026 19:30:32.254] [Server thread/DEBUG] [net.neoforged.fml.config.ConfigTracker/CONFIG]: Loaded TOML config file C:\Users\gabri\OneDrive\Documentos\Projetos\LegendaryNetherstarFurnaceMod\LegendaryNetherstarFurnaceMod\run\config\Mekanism\gear.toml
[17mai.2026 19:30:32.254] [Server thread/DEBUG] [net.neoforged.fml.config.ConfigTracker/CONFIG]: Watching TOML config file C:\Users\gabri\OneDrive\Documentos\Projetos\LegendaryNetherstarFurnaceMod\LegendaryNetherstarFurnaceMod\run\config\Mekanism\gear.toml for changes
[17mai.2026 19:30:32.256] [Server thread/DEBUG] [net.neoforged.fml.config.ConfigTracker/CONFIG]: Loaded TOML config file C:\Users\gabri\OneDrive\Documentos\Projetos\LegendaryNetherstarFurnaceMod\LegendaryNetherstarFurnaceMod\run\config\Mekanism\machine-storage.toml
[17mai.2026 19:30:32.256] [Server thread/DEBUG] [net.neoforged.fml.config.ConfigTracker/CONFIG]: Watching TOML config file C:\Users\gabri\OneDrive\Documentos\Projetos\LegendaryNetherstarFurnaceMod\LegendaryNetherstarFurnaceMod\run\config\Mekanism\machine-storage.toml for changes
[17mai.2026 19:30:32.260] [Server thread/DEBUG] [net.neoforged.fml.config.ConfigTracker/CONFIG]: Loaded TOML config file C:\Users\gabri\OneDrive\Documentos\Projetos\LegendaryNetherstarFurnaceMod\LegendaryNetherstarFurnaceMod\run\config\Mekanism\tiers.toml
[17mai.2026 19:30:32.261] [Server thread/DEBUG] [net.neoforged.fml.config.ConfigTracker/CONFIG]: Watching TOML config file C:\Users\gabri\OneDrive\Documentos\Projetos\LegendaryNetherstarFurnaceMod\LegendaryNetherstarFurnaceMod\run\config\Mekanism\tiers.toml for changes
[17mai.2026 19:30:32.264] [Server thread/DEBUG] [net.neoforged.fml.config.ConfigTracker/CONFIG]: Loaded TOML config file C:\Users\gabri\OneDrive\Documentos\Projetos\LegendaryNetherstarFurnaceMod\LegendaryNetherstarFurnaceMod\run\config\Mekanism\machine-usage.toml
[17mai.2026 19:30:32.265] [Server thread/DEBUG] [net.neoforged.fml.config.ConfigTracker/CONFIG]: Watching TOML config file C:\Users\gabri\OneDrive\Documentos\Projetos\LegendaryNetherstarFurnaceMod\LegendaryNetherstarFurnaceMod\run\config\Mekanism\machine-usage.toml for changes
[17mai.2026 19:30:32.269] [Server thread/DEBUG] [net.neoforged.fml.config.ConfigTracker/CONFIG]: Loaded TOML config file C:\Users\gabri\OneDrive\Documentos\Projetos\LegendaryNetherstarFurnaceMod\LegendaryNetherstarFurnaceMod\run\config\Mekanism\world.toml
[17mai.2026 19:30:32.270] [Server thread/DEBUG] [net.neoforged.fml.config.ConfigTracker/CONFIG]: Watching TOML config file C:\Users\gabri\OneDrive\Documentos\Projetos\LegendaryNetherstarFurnaceMod\LegendaryNetherstarFurnaceMod\run\config\Mekanism\world.toml for changes
[17mai.2026 19:30:32.364] [Server thread/DEBUG] [mixin/]: Mixing chunkloading.ChunkMapMixin from ae2.mixins.json into net.minecraft.server.level.ChunkMap
[17mai.2026 19:30:32.366] [Server thread/DEBUG] [mixin/]: ae2.mixins.json:chunkloading.ChunkMapMixin from mod ae2: Class version 65 required is higher than the class version supported by the current version of Mixin (JAVA_11 supports class version 55)
[17mai.2026 19:30:32.368] [Server thread/DEBUG] [mixin/]: ae2.mixins.json:chunkloading.ChunkMapMixin from mod ae2->@Inject::spatialAnchorEnableRandomTicks(Lnet/minecraft/world/level/ChunkPos;Lorg/spongepowered/asm/mixin/injection/callback/CallbackInfoReturnable;)V does use it's CallbackInfoReturnable
[17mai.2026 19:30:32.369] [Server thread/DEBUG] [mixin/]: ae2.mixins.json:chunkloading.ChunkMapMixin from mod ae2->@Inject::spatialAnchorEnableRandomTicks(Lnet/minecraft/world/level/ChunkPos;Lorg/spongepowered/asm/mixin/injection/callback/CallbackInfoReturnable;)V does use it's CallbackInfoReturnable
[17mai.2026 19:30:32.369] [Server thread/DEBUG] [mixin/]: ae2.mixins.json:chunkloading.ChunkMapMixin from mod ae2->@Inject::spatialAnchorEnableRandomTicks(Lnet/minecraft/world/level/ChunkPos;Lorg/spongepowered/asm/mixin/injection/callback/CallbackInfoReturnable;)V does use it's CallbackInfoReturnable
[17mai.2026 19:30:32.560] [Server thread/INFO] [net.minecraft.server.MinecraftServer/]: Preparing start region for dimension minecraft:overworld
[17mai.2026 19:30:32.849] [progressListener/INFO] [net.minecraft.server.level.progress.LoggerChunkProgressListener/]: Preparing spawn area: 0%
[17mai.2026 19:30:32.990] [progressListener/INFO] [net.minecraft.server.level.progress.LoggerChunkProgressListener/]: Time elapsed: 426 ms
[17mai.2026 19:30:32.996] [Server thread/INFO] [net.neoforged.neoforge.server.permission.PermissionAPI/]: Successfully initialized permission handler neoforge:default_handler
[17mai.2026 19:30:33.159] [Server thread/INFO] [net.minecraft.client.server.IntegratedServer/]: Changing view distance to 12, from 10
[17mai.2026 19:30:33.159] [Server thread/INFO] [net.minecraft.client.server.IntegratedServer/]: Changing simulation distance to 12, from 0
[17mai.2026 19:30:33.180] [Render thread/DEBUG] [io.netty.channel.MultithreadEventLoopGroup/]: -Dio.netty.eventLoopThreads: 24
[17mai.2026 19:30:33.193] [Render thread/DEBUG] [io.netty.util.concurrent.GlobalEventExecutor/]: -Dio.netty.globalEventExecutor.quietPeriodSeconds: 1
[17mai.2026 19:30:33.214] [Render thread/DEBUG] [io.netty.channel.nio.NioEventLoop/]: -Dio.netty.noKeySetOptimization: false
[17mai.2026 19:30:33.214] [Render thread/DEBUG] [io.netty.channel.nio.NioEventLoop/]: -Dio.netty.selectorAutoRebuildThreshold: 512
[17mai.2026 19:30:33.227] [Render thread/DEBUG] [io.netty.util.internal.PlatformDependent/]: org.jctools-core.MpscChunkedArrayQueue: available
[17mai.2026 19:30:33.273] [Render thread/DEBUG] [io.netty.channel.DefaultChannelId/]: -Dio.netty.processId: 12888 (auto-detected)
[17mai.2026 19:30:33.275] [Render thread/DEBUG] [io.netty.util.NetUtil/]: -Djava.net.preferIPv4Stack: false
[17mai.2026 19:30:33.275] [Render thread/DEBUG] [io.netty.util.NetUtil/]: -Djava.net.preferIPv6Addresses: system
[17mai.2026 19:30:33.277] [Render thread/DEBUG] [io.netty.util.NetUtilInitializations/]: Loopback interface: loopback_0 (Software Loopback Interface 1, 0:0:0:0:0:0:0:1)
[17mai.2026 19:30:33.280] [Render thread/DEBUG] [io.netty.util.NetUtil/]: Failed to get SOMAXCONN from sysctl and file \proc\sys\net\core\somaxconn. Default: 200
[17mai.2026 19:30:33.281] [Render thread/DEBUG] [io.netty.channel.DefaultChannelId/]: -Dio.netty.machineId: 00:15:5d:ff:fe:2a:20:6a (auto-detected)
[17mai.2026 19:30:33.354] [Render thread/DEBUG] [io.netty.util.Recycler/]: -Dio.netty.recycler.maxCapacityPerThread: 4096
[17mai.2026 19:30:33.354] [Render thread/DEBUG] [io.netty.util.Recycler/]: -Dio.netty.recycler.ratio: 8
[17mai.2026 19:30:33.354] [Render thread/DEBUG] [io.netty.util.Recycler/]: -Dio.netty.recycler.chunkSize: 32
[17mai.2026 19:30:33.354] [Render thread/DEBUG] [io.netty.util.Recycler/]: -Dio.netty.recycler.blocking: false
[17mai.2026 19:30:33.354] [Render thread/DEBUG] [io.netty.util.Recycler/]: -Dio.netty.recycler.batchFastThreadLocalOnly: true
[17mai.2026 19:30:33.621] [Netty Server IO #1/DEBUG] [net.neoforged.neoforge.network.filters.NetworkFilters/]: Injected net.neoforged.neoforge.network.filters.GenericPacketSplitter@2f64b4b0 into net.minecraft.network.Connection@717ece75
[17mai.2026 19:30:33.639] [Netty Local Client IO #0/DEBUG] [net.neoforged.neoforge.network.filters.NetworkFilters/]: Injected net.neoforged.neoforge.network.filters.GenericPacketSplitter@5f5cfe17 into net.minecraft.network.Connection@51040520
[17mai.2026 19:30:33.910] [Netty Server IO #1/DEBUG] [net.neoforged.neoforge.network.filters.NetworkFilters/]: Injected net.neoforged.neoforge.network.filters.GenericPacketSplitter@490ba6b3 into net.minecraft.network.Connection@717ece75
[17mai.2026 19:30:34.010] [Server thread/INFO] [net.minecraft.server.players.PlayerList/]: Dev[local:E:5491d36e] logged in with entity id 18 at (6.878059760771879, -60.0, 1.0532551162215527)
[17mai.2026 19:30:34.080] [Server thread/INFO] [net.minecraft.server.MinecraftServer/]: Dev joined the game
[17mai.2026 19:30:34.180] [Server thread/DEBUG] [mixin/]: Mixing EnchantmentHelperMixin from ae2.mixins.json into net.minecraft.world.item.enchantment.EnchantmentHelper
[17mai.2026 19:30:34.181] [Server thread/DEBUG] [mixin/]: ae2.mixins.json:EnchantmentHelperMixin from mod ae2: Class version 65 required is higher than the class version supported by the current version of Mixin (JAVA_11 supports class version 55)
[17mai.2026 19:30:34.184] [Server thread/DEBUG] [mixin/]: ae2.mixins.json:EnchantmentHelperMixin from mod ae2->@Inject::hookGetItemEnchantmentLevel(Lnet/minecraft/core/Holder;Lnet/minecraft/world/item/ItemStack;Lorg/spongepowered/asm/mixin/injection/callback/CallbackInfoReturnable;)V does use it's CallbackInfoReturnable
[17mai.2026 19:30:34.327] [Render thread/INFO] [net.minecraft.client.gui.components.ChatComponent/]: [System] [CHAT] [Cosmic Forge] Legendary Netherstar Furnace Mod está em período de desenvolvimento e aprimoramento visual, caso identifique qualquer erro, comente na pagina do curseforge, ou encaminhe um email para qewr8478@gmail.com
[17mai.2026 19:30:34.336] [Render thread/INFO] [net.minecraft.client.gui.components.ChatComponent/]: [System] [CHAT] [Cosmic Forge] Legendary Netherstar Furnace Mod is currently in development and visual improvement phase. If you find any bugs, please comment on the CurseForge page, or send an email to qewr8478@gmail.com
[17mai.2026 19:30:34.338] [Render thread/INFO] [net.minecraft.advancements.AdvancementTree/]: Loaded 56 advancements
[17mai.2026 19:31:22.399] [Render thread/INFO] [net.minecraft.advancements.AdvancementTree/]: Loaded 59 advancements
[17mai.2026 19:32:01.432] [Server thread/DEBUG] [mixin/]: Mixing StructureTemplateMixin from ae2.mixins.json into net.minecraft.world.level.levelgen.structure.templatesystem.StructureTemplate
[17mai.2026 19:32:01.432] [Server thread/DEBUG] [mixin/]: ae2.mixins.json:StructureTemplateMixin from mod ae2: Class version 65 required is higher than the class version supported by the current version of Mixin (JAVA_11 supports class version 55)
[17mai.2026 19:32:01.435] [Server thread/DEBUG] [mixin/]: ae2.mixins.json:StructureTemplateMixin from mod ae2->@Inject::enableClientSideStateSaving(Lorg/spongepowered/asm/mixin/injection/callback/CallbackInfo;)V doesn't use it's CallbackInfo
[17mai.2026 19:32:01.435] [Server thread/DEBUG] [mixin/]: ae2.mixins.json:StructureTemplateMixin from mod ae2->@Inject::enableClientSideStateSaving(Lorg/spongepowered/asm/mixin/injection/callback/CallbackInfo;)V has 0 override(s) in child classes
[17mai.2026 19:32:01.435] [Server thread/DEBUG] [mixin/]: ae2.mixins.json:StructureTemplateMixin from mod ae2->@Inject::enableClientSideStateSaving(Lorg/spongepowered/asm/mixin/injection/callback/CallbackInfo;)V won't be passed a CallbackInfo as a result
[17mai.2026 19:32:01.436] [Server thread/DEBUG] [mixin/]: ae2.mixins.json:StructureTemplateMixin from mod ae2->@Inject::disableClientSideStateSaving(Lorg/spongepowered/asm/mixin/injection/callback/CallbackInfo;)V doesn't use it's CallbackInfo
[17mai.2026 19:32:01.436] [Server thread/DEBUG] [mixin/]: ae2.mixins.json:StructureTemplateMixin from mod ae2->@Inject::disableClientSideStateSaving(Lorg/spongepowered/asm/mixin/injection/callback/CallbackInfo;)V has 0 override(s) in child classes
[17mai.2026 19:32:01.436] [Server thread/DEBUG] [mixin/]: ae2.mixins.json:StructureTemplateMixin from mod ae2->@Inject::disableClientSideStateSaving(Lorg/spongepowered/asm/mixin/injection/callback/CallbackInfo;)V won't be passed a CallbackInfo as a result
[17mai.2026 19:32:01.441] [Server thread/DEBUG] [mixin/]: Mixing tests.StructureUtilsMixin from ae2.mixins.json into net.minecraft.gametest.framework.StructureUtils
[17mai.2026 19:32:01.441] [Server thread/DEBUG] [mixin/]: ae2.mixins.json:tests.StructureUtilsMixin from mod ae2: Class version 65 required is higher than the class version supported by the current version of Mixin (JAVA_11 supports class version 55)
[17mai.2026 19:32:01.448] [Server thread/DEBUG] [mixin/]: ae2.mixins.json:tests.StructureUtilsMixin from mod ae2->@Inject::prepareTestStructure(Lnet/minecraft/gametest/framework/GameTestInfo;Lnet/minecraft/core/BlockPos;Lnet/minecraft/world/level/block/Rotation;Lnet/minecraft/server/level/ServerLevel;Lorg/spongepowered/asm/mixin/injection/callback/CallbackInfoReturnable;)V does use it's CallbackInfoReturnable
[17mai.2026 19:32:26.444] [Render thread/INFO] [net.minecraft.advancements.AdvancementTree/]: Loaded 60 advancements
[17mai.2026 19:34:56.543] [Render thread/INFO] [net.minecraft.advancements.AdvancementTree/]: Loaded 66 advancements
[17mai.2026 19:35:33.125] [Server thread/DEBUG] [net.neoforged.neoforge.common.CommonHooks/WP]: Gathered mod list to write to world save New World
[17mai.2026 19:36:06.982] [Server thread/INFO] [net.minecraft.client.server.IntegratedServer/]: Saving and pausing game...
[17mai.2026 19:36:07.005] [Server thread/INFO] [net.minecraft.server.MinecraftServer/]: Saving chunks for level 'ServerLevel[New World]'/minecraft:overworld
[17mai.2026 19:36:07.018] [Server thread/INFO] [net.minecraft.server.MinecraftServer/]: Saving chunks for level 'ServerLevel[New World]'/minecraft:the_end
[17mai.2026 19:36:07.019] [Server thread/INFO] [net.minecraft.server.MinecraftServer/]: Saving chunks for level 'ServerLevel[New World]'/minecraft:the_nether
[17mai.2026 19:36:07.019] [Server thread/INFO] [net.minecraft.server.MinecraftServer/]: Saving chunks for level 'ServerLevel[New World]'/ae2:spatial_storage
[17mai.2026 19:36:07.023] [Server thread/DEBUG] [net.neoforged.neoforge.common.CommonHooks/WP]: Gathered mod list to write to world save New World
[17mai.2026 19:36:07.666] [Render thread/INFO] [net.minecraft.client.Minecraft/]: Stopping!
[17mai.2026 19:36:07.738] [Server thread/INFO] [net.minecraft.server.network.ServerGamePacketListenerImpl/]: Dev lost connection: Disconnected
[17mai.2026 19:36:07.739] [Server thread/INFO] [net.minecraft.server.MinecraftServer/]: Dev left the game
[17mai.2026 19:36:07.759] [Server thread/INFO] [net.minecraft.server.network.ServerCommonPacketListenerImpl/]: Stopping singleplayer server as player logged out
[17mai.2026 19:36:07.785] [Server thread/INFO] [net.minecraft.server.MinecraftServer/]: Stopping server
[17mai.2026 19:36:07.787] [Server thread/INFO] [net.minecraft.server.MinecraftServer/]: Saving players
[17mai.2026 19:36:07.788] [Server thread/INFO] [net.minecraft.server.MinecraftServer/]: Saving worlds
[17mai.2026 19:36:08.287] [Server thread/INFO] [net.minecraft.server.MinecraftServer/]: Saving chunks for level 'ServerLevel[New World]'/minecraft:overworld
[17mai.2026 19:36:08.689] [Server thread/INFO] [net.minecraft.server.MinecraftServer/]: Saving chunks for level 'ServerLevel[New World]'/minecraft:the_end
[17mai.2026 19:36:08.694] [Server thread/INFO] [net.minecraft.server.MinecraftServer/]: Saving chunks for level 'ServerLevel[New World]'/minecraft:the_nether
[17mai.2026 19:36:08.699] [Server thread/INFO] [net.minecraft.server.MinecraftServer/]: Saving chunks for level 'ServerLevel[New World]'/ae2:spatial_storage
[17mai.2026 19:36:08.706] [Server thread/DEBUG] [net.neoforged.neoforge.common.CommonHooks/WP]: Gathered mod list to write to world save New World
[17mai.2026 19:36:08.714] [Server thread/INFO] [net.minecraft.server.MinecraftServer/]: ThreadedAnvilChunkStorage (New World): All chunks are saved
[17mai.2026 19:36:08.715] [Server thread/INFO] [net.minecraft.server.MinecraftServer/]: ThreadedAnvilChunkStorage (DIM1): All chunks are saved
[17mai.2026 19:36:08.715] [Server thread/INFO] [net.minecraft.server.MinecraftServer/]: ThreadedAnvilChunkStorage (DIM-1): All chunks are saved
[17mai.2026 19:36:08.715] [Server thread/INFO] [net.minecraft.server.MinecraftServer/]: ThreadedAnvilChunkStorage (spatial_storage): All chunks are saved
[17mai.2026 19:36:08.715] [Server thread/INFO] [net.minecraft.server.MinecraftServer/]: ThreadedAnvilChunkStorage: All dimensions are saved
[17mai.2026 19:36:08.781] [Server thread/DEBUG] [net.neoforged.fml.config.ConfigTracker/CONFIG]: Unloading configs type SERVER
